PCR ID	sample_SNP	Nummer	orig	PatientIDPathowin
E3342	F-Y?RYRSGW	B2021.44835	E3342_B2021.44835 B_v1 : F-Y?RYRSGW	950530
W1013	F-TGACGCRW	B2022.15048	W1013_B2022.15048 B_v1 : F-TGACGCRW	123843
Y413	M-YGGCRCRA	B2023.4347	Y413_B2023.4347 P_v1 : M-YGGCRCRA	980675
Y414	F-TGGTRCGT	B2023.5684	Y414_B2023.5684 B_v1 : F-TGGTRCGT	981157
Y644	M-YGACRGGT	B2023.8849	Y644_B2023.8849 A_B_v1 : M-YGACRGGT	735383
Y386	F-YGGCRS??	B2023.4502	Y386 _B2023.4502_v1 : F-YGGCRS??	142854
E356	M-YKRCGSGT	B2021.5311	E356 B2021.5311_v1 : M-YKRCGSGT	935590
E359	F-CKR?RCAW	Z2021.1024	E359 Z2021.1024_v1 : F-CKR?RCAW	934950
E1945	F-YKRTRCGT	B2021.28846	E1945 pool1_B2021.28846_v2 : F-YKRTRCGT	76025
Y121	?-??ACGCA?	B2023.1586	Y121_1_B2023.1586_v1 : ?-??ACGCA?	966800
E469	F-YKRCRGRT	B2021.6701	E469  B2021.6701 A_v1 : F-YKRCRGRT	936186
W2703	F-?	B2022.40593	W2703_1_WH_B2022.40593_v1 : F-?	974082
E2602	F-?	B2021.39352	E2602_B2021.39352_v1 : F-?	932470
W2213	F-??AYRGRT	B2022.33806	W2213_B2022.33806_v2 : F-??AYRGRT	956004
E3124	F-?GATGGAW	B2021.48376	E3124_B2021.48376_v1 : F-?GATGGAW	951617
W3885	F-?GGYRGGT	B2022.54662	W3885_B2022.54662_v1 : F-?GGYRGGT	978447
W3299	F-?KACACAA	Z2022.9954	W3299_Z2022.9954_v1 : F-?KACACAA	976511
E1124	F-?KAYRGRA	B2021.16635	E1124_B2021.16635_v1 : F-?KAYRGRA	939704
W1326	F-?KGTAGGW	B2022.17788	W1326_B2022.17788_v1 : F-?KGTAGGW	966247
W3568	F-?KRCASRW	B2022.52176	W3568a_B2022.52176_v1 : F-?KRCASRW	977892
W3721	F-?KRTRG??	B2022.54424	W3721_B2022.54424_v1 : F-?KRTRG??	978609
Y569	F-?TGCRSGW	B2023.8118	Y569_B2023.8118_v1 : F-?TGCRSGW	981969
E2422	F-C?ACGGGA	B2021.37012	E2422_B2021.37012_v1 : F-C?ACGGGA	947190
W2793	F-C?ACGGRA	B2022.41547	W2793_B2022.41547_v1 : F-C?ACGGRA	974428
W2506	F-C?GCGSRT	Z2022.7805	W2506_Z2022.7805_v1 : F-C?GCGSRT	385149
E1642	F-C?RCGSAT	B2021.24376	E1642_B2021.24376_v1 : F-C?RCGSAT	300380
E3432	F-C?RYAS?W	B2021.50625	E3432_B2021.50625D_v1 : F-C?RYAS?W	952244
Y512	F-CGATGGRA	B2023.4340	Y512_B2023.4340_v1 : F-CGATGGRA	980544
E3395	F-CGATRCAA	B2021.53067	E3395_pool1_wh_B2021.53067_v1 : F-CGATRCAA	211470
W3225	F-CGATRSRW	B2022.47516	W3225_B2022.47516_v1 : F-CGATRSRW	976366
W3013	F-CGAYA?RT	Z2022.9103	W3013_Z2022.9103_v1 : F-CGAYA?RT	975267
W2514	F-CGAYACAW	K2022.1066	W2514_K2022.1066_v1 : F-CGAYACAW	913187
W3185	F-CGAYASAA	B2022.44905	W3185_B2022.44905_v1 : F-CGAYASAA	555905
W3624	F-CGGCGCR?	Z2022.10162	W3624_Z2022.10162_v2 : F-CGGCGCR?	977891
W626	F-CGGCGGRT	B2022.10052	W626_B2022.10052_v1 : F-CGGCGGRT	963599
W2101	F-CGGTASRW	B2022.32491	W2101_B2022.32491_v1 : F-CGGTASRW	805336
W3783	F-CGGYGCGT	Z2022.10614	W3783_Z2022.10614_v1 : F-CGGYGCGT	978688
E3441	F-CGGYGSAT	B2021.52331	E3441_B2021.52331A_v1 : F-CGGYGSAT	485300
Y617	F-CGRCGCGT	B2023.8230	Y617_B2023.8230B_v1 : F-CGRCGCGT	966002
W1143	F-CGRCGCGT	K2022.659	W1143_K2022.659_v1 : F-CGRCGCGT	966002
W3010	F-CGRCRGRW	B2022.43812	W3010_B2022.43812_v1 : F-CGRCRGRW	975246
W2069	F-CGRTRCGT	Z2022.6428	W2069_Z2022.6428_v1 : F-CGRTRCGT	697360
W3131	F-CGRYGGGT	B2022.45379	W3131_B2022.45379_v1 : F-CGRYGGGT	975781
Y93	F-CGRYGSGW	B2023.1650	Y93_B2023.1650_v1 : F-CGRYGSGW	979849
Y642	F-CGRYR?GT	B2023.8581	Y642_B2023.8581C_v1 : F-CGRYR?GT	421788
W3820	F-CGRYRCAA	Z2022.10619	W3820_Z2022.10619_v1 : F-CGRYRCAA	979006
W2096	F-CGRYRSAT	B2022.32273	W2096_B2022.32273_v1 : F-CGRYRSAT	969340
W3304	F-CGRYRSGT	B2022.48314	W3304_B2022.48314_v1 : F-CGRYRSGT	976620
W2750	F-CK?YGCGA	Z2022.8493	W2750_Z2022.8493_v1 : F-CK?YGCGA	832357
Y151	F-CK?YRGGT	B2023.2082	Y151_B2023.2082A_v1 : F-CK?YRGGT	355734
E3339	F-CKATGSRA	B2021.52083	E3339wh_B2021.52083_v1 : F-CKATGSRA	625878
Y673	F-CKATRGAW	B2023.9251	Y673_B2023.9251_v1 : F-CKATRGAW	60621
Z2591	F-CKATRSAT	B2020.40792	Z2591_B2020.40792_v1 : F-CKATRSAT	930074
W2731	F-CKATRSRW	B2022.40966	W2731_B2022.40966_v1 : F-CKATRSRW	974227
W1560	F-CKAY?SRW	Z2022.4384	W1560_Z2022.4384_v1 : F-CKAY?SRW	962569
Y345	F-CKAYACGW	B2023.5339	Y345_B2023.5339_v1 : F-CKAYACGW	723475
W1612	F-CKAYASRT	B2022.24793	W1612_B2022.24793_v2 : F-CKAYASRT	968666
W1612	F-CKAYASRT	B2022.24793	W1612_B2022.24793_merged : F-CKAYASRT	968666
W2379	F-CKAYR?RW	B2022.36226	W2379_B2022.36226_v1 : F-CKAYR?RW	972648
W3126	F-CKAYRGAT	B2022.45046	W3126_B2022.45046_v1 : F-CKAYRGAT	816394
W2030	F-CKAYRSGW	B2022.31651	W2030_B2022.31651_v2 : F-CKAYRSGW	971083
W1729	F-CKGCGCRW	B2022.26940	W1729_B2022.26940 I_v1 : F-CKGCGCRW	891695
E2150	F-CKGCRCGW	B2021.31783	E2150_B2021.31783_v1 : F-CKGCRCGW	945085
E938	F-CKGTAS?A	B2021.13843	E938_B2021.13843_v1 : F-CKGTAS?A	938666
E405	F-CKGTASG?	B2021.5877	E405_B2021.5877_v1 : F-CKGTASG?	935850
W3311	F-CKGTGC?W	B2022.47901	W3311_B2022.47901_v1 : F-CKGTGC?W	976556
W1959	F-CKGYACRT	B2022.30645	W1959_B2022.30645 A_v1 : F-CKGYACRT	970713
W436	F-CKGYAGRT	B2022.6886	W436_B2022.6886_v1 : F-CKGYAGRT	962501
W1637	F-CKGYRGAA	B2022.25711	W1637_B2022.25711_v1 : F-CKGYRGAA	968928
W723	F-CKRC?SGT	B2022.11272	W723_B2022.11272_v1 : F-CKRC?SGT	964009
Y670	F-CKRCGGAT	B2023.4149	Y670_B2023.4149_v1 : F-CKRCGGAT	943599
W1532	F-CKRCGSGA	B2022.21789	W1532_B2022.21789_v1 : F-CKRCGSGA	736859
Y772	F-CKRCRCGW	B2023.9809	Y772_B2023.9809_v1 : F-CKRCRCGW	982652
W2588	F-CKRCRCRA	B2022.38964	W2588_B2022.38964_v1 : F-CKRCRCRA	941354
Y182	F-CKRCRSAW	B2023.3065	Y182_B2023.3065_v1 : F-CKRCRSAW	806676
W3490	F-CKRCRSGA	B2022.48777	W3490_B2022.48777B_v1 : F-CKRCRSGA	976776
W1459	F-CKRCRSRW	B2022.22453	W1459_1_B2022.22453_v1 : F-CKRCRSRW	939864
W2850	F-CKRTGCRW	B2022.42260	W2850_B2022.42260_v1 : F-CKRTGCRW	951555
E3432	F-CKRYASRW	B2021.50625	E3432_B2021.50625D_v2 : F-CKRYASRW	952244
W3627	F-CKRYGSRA	B2022.53104	W3627_B2022.53104_v1 : F-CKRYGSRA	505957
Y444	F-CKRYRCGW	B2023.5708	Y444_B2023.5708_v1 : F-CKRYRCGW	981167
W3059	F-CKRYRSRW	W2022.44600	W3059_W2022.44600_v1 : F-CKRYRSRW	975469
E3184	F-CT???CRW	B2021.49375	E3184_B2021.49375_v1 : F-CT???CRW	951919
Y144	F-CT?TGSRW	B2023.973	Y144_B2023.973E_v1 : F-CT?TGSRW	809174
W1371	F-CTA?AC?W	B2022.20170	W1371_B2022.20170_v2 : F-CTA?AC?W	967040
E3372	F-CTA?GSRT	B2021.52726	E3372_B2021.52726_v1 : F-CTA?GSRT	387748
Y522	F-CTACRCGT	B2023.7267	Y522_B2023.7267_v1 : F-CTACRCGT	774988
E1546	F-CTACRGAT	B2021.22991	E1546_B2021.22991_v1 : F-CTACRGAT	942012
W1750	F-CTACRGAW	B2022.27631	W1750_B2022.27631_v1 : F-CTACRGAW	969641
W619	F-CTAT?GAT	B2022.9818	W619_B2022.9818_merged : F-CTAT?GAT	963514
E2510	F-CTATASAT	B2021.38130	E2510_B2021.38130B_v1 : F-CTATASAT	640126
W2032	F-CTAYAGGT	B2022.31645	W2032_B2022.31645_v2 : F-CTAYAGGT	971078
W180	F-CTAYASGW	B2022.3077	W180_B2022.3077_v1 : F-CTAYASGW	955179
W1406	F-CTAYRCAA	B2022.21887	W1406_B2022.21887_v1 : F-CTAYRCAA	967658
W1791	F-CTAYRSRT	B2022.28530	W1791_B2022.28530_v1 : F-CTAYRSRT	118026
Y368	F-CTGTGSGT	B2023.5428	Y368_B2023.5428_v1 : F-CTGTGSGT	981085
Y256	F-CTGTRGRA	B2023.4054	Y256_B2023.4054_v2 : F-CTGTRGRA	930925
W3003	F-CTGTRGRT	B2022.43609	W3003_B2022.43609_v1 : F-CTGTRGRT	975181
E3081	F-CTGYACAA	B2021.42619	E3081_B2021.42619_v1 : F-CTGYACAA	312680
E3479	F-CTGYASAT	B2021.54406	E3479wh_B2021.54406_v1 : F-CTGYASAT	953580
E3433	F-CTGYG?RT	B2021.52279	E3433_B2021.52279_v1 : F-CTGYG?RT	422869
W496	F-CTGYGSAT	B2022.7871	W496_B2022.7871_wh_v1 : F-CTGYGSAT	708616
W3798	F-CTGYRCAT	B2022.55587	W3798_B2022.55587_v1 : F-CTGYRCAT	978992
Y215	F-CTRCGSGW	B2023.3607	Y215_B2023.3607_v1 : F-CTRCGSGW	980439
W2399	F-CTRCRSGW	B2022.36679	W2399_B2022.36679_v1 : F-CTRCRSGW	847442
W1567	F-CTRTGSRA	B2022.24219	W1567_B2022.24219_v1 : F-CTRTGSRA	968461
W739	F-CTRYACRA	B2022.11541	W739_B2022.11541_v1 : F-CTRYACRA	950252
Y448	F-CTRYGSGT	Z2023.833	Y448_Z2023.833_v1 : F-CTRYGSGT	981300
W1173	F-CTRYRGAA	B2022.18452	W1173_B2022.18452_v1 : F-CTRYRGAA	962749
E3482	F-CTRYRSGW	B2021.54660	E3482wh_B2021.54660_v1 : F-CTRYRSGW	949082
W3114	F-CTRYRSGW	B2022.45200	W3114_B2022.45200_v2 : F-CTRYRSGW	975712
Y320	F-GGGCAA	B2023.5043	Y320_B2023.5043_v1 : F-GGGCAA	709865
W1440	F-GRCR?GA	B2022.21976	W1440_B2022.21976_merge : F-GRCR?GA	483933
E3426	F-T??CGCGT	B2021.53738	E3426_B2021.53738_v1 : F-T??CGCGT	953357
E2553	F-T??CGCGW	B2021.38556	E2553_B2021.38556_v1 : F-T??CGCGW	7734
W3918	F-T??YA?RT	Z2022.10621	W3918_1_Z2022.10621_v1 : F-T??YA?RT	979090
E3282	F-T?ATGS?T	B2021.51449	E3282_B2021.51449_v2 : F-T?ATGS?T	952530
E2589	F-T?AYGCAT	B2021.39506	E2589_B2021.39506_v1 : F-T?AYGCAT	948737
W2984	F-T?GCRGGA	B2022.43211	W2984_B2022.43211_v1 : F-T?GCRGGA	946632
W2538	F-T?GTACRT	B2022.38211	W2538_B2022.38211_v1 : F-T?GTACRT	973302
W847	F-T?GYASRA	B2022.13047	W847_B2022.13047_v1 : F-T?GYASRA	964656
E1497	F-T?GYGCRW	B2021.22511	E1497_B2021.22511_v1 : F-T?GYGCRW	941833
E2989	F-T?RTG?AW	K2021.2055	E2989_K2021.2055_v1 : F-T?RTG?AW	930122
E1138	F-TARA	Z2021.3357	E1138_Z2021.3357_v1 : F-TARA	939790
W2162	F-TG?CGGAT	Z2022.6477	W2162_Z2022.6477_v1 : F-TG?CGGAT	38965
W431	F-TGACG?AT	B2022.6951	W431_B2022.6951_v1 : F-TGACG?AT	935729
W3390	F-TGACGCAA	B2022.49651	W3390_B2022.49651_v1 : F-TGACGCAA	970670
Y92	F-TGACGGR?	B2023.979	Y92_B2023.979A_v1 : F-TGACGGR?	37927
W3782	F-TGACRGRW	B2022.55098	W3782_B2022.55098_v1 : F-TGACRGRW	978847
Y561	F-TGACRSGT	B2023.2907	Y561_B2023.2907_v1 : F-TGACRSGT	39922
Y542	F-TGACRSGW	B2023.7888	Y542_B2023.7888_v1 : F-TGACRSGW	981863
Y319	F-TGATRCRT	B2023.4960	Y319_B2023.4960_v2 : F-TGATRCRT	980912
Y479	F-TGATRSGT	B2023.6809	Y479_B2023.6809_v1 : F-TGATRSGT	981546
W1216	F-TGAYACAT	B2022.17750	W1216_B2022.17750_v1 : F-TGAYACAT	96318
W2143	F-TGAYACGW	B2022.32511	W2143_B2022.32511B_v1 : F-TGAYACGW	966607
W579	F-TGAYASAA	B2022.8646	W579_B2022.8646_v1 : F-TGAYASAA	963113
E1195	F-TGAYASGT	B2021.17794	E1195_B2021.17794_v1 : F-TGAYASGT	940138
W3907	F-TGAYGCGW	B2022.55657	W3907_B2022.55657L_v1 : F-TGAYGCGW	647257
E1361	F-TGAYGCRT	B2021.20429	E1361_B2021.20429_v1 : F-TGAYGCRT	941102
W702	F-TGAYGGGT	B2022.10975	W702_B2022.10975_v1 : F-TGAYGGGT	804701
W2970	F-TGAYRCRT	Z2022.8538	W2970_Z2022.8538_v1 : F-TGAYRCRT	974997
Y108	F-TGAYRCRW	B2023.1950	Y108_B2023.1950_v1 : F-TGAYRCRW	616225
W3181	F-TGG?GCRT	B2022.45510	W3181_B2022.45510_v1 : F-TGG?GCRT	380093
W3182	F-TGGCA?AW	B2022.46641	W3182_B2022.46641_v1 : F-TGGCA?AW	953565
W3269	F-TGGCA?GA	Z2022.9520	W3269_Z2022.9520_v1 : F-TGGCA?GA	976319
W3006	F-TGGCAGAT	B2022.41314	W3006_B2022.41314_v1 : F-TGGCAGAT	974362
E2133	F-TGGCAGGT	B2021.32019	E2133_B2021.32019_v1 : F-TGGCAGGT	944071
W1778	F-TGGCAGGT	B2022.28129	W1778_B2022.28129_v1 : F-TGGCAGGT	969807
E3490	F-TGGCGCAA	Z2021.11372	E3490_Z2021.11372_v1 : F-TGGCGCAA	192154
W605	F-TGGCGSRW	B2022.9576	W605_B2022.9576_v1 : F-TGGCGSRW	928617
W827	F-TGGCRCRW	B2022.12623	W827_B2022.12623_v1 : F-TGGCRCRW	964479
W1355	F-TGGCRSGW	B2022.21328	W1355_B2022.21328_v1 : F-TGGCRSGW	633722
W3014	F-TGGCRSRW	B2022.43879	W3014_B2022.43879_v1 : F-TGGCRSRW	962445
E3527	F-TGGTASGW	B2021.55270	E3527_B2021.55270_v1 : F-TGGTASGW	953867
E2738	F-TGGTGCR?	B2021.38033	E2738_B2021.38033C_v1 : F-TGGTGCR?	948207
W2853	F-TGGTGCRW	B2022.42334	W2853_B2022.42334_v1 : F-TGGTGCRW	974705
W3497	F-TGGTRSRT	Z2022.9541	W3497_1_Z2022.9541_v1 : F-TGGTRSRT	977411
W777	F-TGGYGCGA	B2022.11910	W777_B2022.11910_v1 : F-TGGYGCGA	963441
W3122	F-TGGYGCRW	Z2022.9123	W3122_Z2022.9123_v2 : F-TGGYGCRW	975627
E2543	F-TGGYGGGW	B2021.38864	E2543_B2021.38864_v1 : F-TGGYGGGW	948539
W160	F-TGGYGGRA	B2022.2220	W160WH_B2022.2220_v1 : F-TGGYGGRA	911555
W1106	F-TGGYGSGA	B2022.17636	W1106_B2022.17636_v1 : F-TGGYGSGA	966202
E2226	F-TGGYRCRT	B2021.33232	E2226_B2021.33232_v1 : F-TGGYRCRT	945530
W2448	F-TGGYRGGT	B2022.34229	W2448_B2022.34229D_v1 : F-TGGYRGGT	651869
W656	F-TGRCACGT	B2022.8918	W656_B2022.8918_v1 : F-TGRCACGT	28660
W3008	F-TGRCAS?W	B2022.43810	W3008_B2022.43810_v1 : F-TGRCAS?W	975245
W1810	F-TGRCGSGT	B2022.28610	W1810_B2022.28610_v1 : F-TGRCGSGT	969960
Y671	F-TGRCGSGT	B2023.8923	Y671_B2023.8923_v1 : F-TGRCGSGT	982325
W2336	F-TGRCGSGW	Z2022.7357	W2336_Z2022.7357_v1 : F-TGRCGSGW	682119
W2744	F-TGRCRCGW	B2022.40644	W2744_B2022.40644_v1 : F-TGRCRCGW	968216
E2965	F-TGRCRCRT	B2021.44992	E2965_B2021.44992A_B_v1 : F-TGRCRCRT	947039
W2570	F-TGRCRGRT	Z2022.7792	W2570_Z2022.7792_v1 : F-TGRCRGRT	447897
W1488	F-TGRCRSGW	B2022.21328	W1488_1_B2022.21328_v1 : F-TGRCRSGW	633722
E1475	F-TGRT?CRT	B2021.21957	E1475_B2021.21957_v1 : F-TGRT?CRT	573914
W1824	F-TGRT?GRT	B2022.28876	W1824_B2022.28876_v1 : F-TGRT?GRT	970050
W192	F-TGRT?SGT	B2022.3078	W192_B2022.3078_v1 : F-TGRT?SGT	955191
W2383	F-TGRTACGT	B2022.35383	W2383_B2022.35383_v1 : F-TGRTACGT	138434
E3454	F-TGRTGCRW	B2021.53771	E3454_B2021.53771A_v1 : F-TGRTGCRW	139524
W2999	F-TGRTRSGA	B2022.43632	W2999_B2022.43632_v1 : F-TGRTRSGA	975183
W836	F-TGRYAGGT	Z2022.2198	W836_Z2022.2198_v1 : F-TGRYAGGT	964563
W108	F-TGRYASGA	B2022.972	W108_B2022.972_v1 : F-TGRYASGA	184723
W2796	F-TGRYG?RT	Z2022.7833	W2796_Z2022.7833_v1 : F-TGRYG?RT	974320
W3781	F-TGRYGCGW	B2022.55082	W3781_B2022.55082_v1 : F-TGRYGCGW	978840
W1387	F-TGRYGSRT	B2022.21257	W1387_B2022.21257 C_v1 : F-TGRYGSRT	932075
W2123	F-TGRYGSRW	B2022.32845	W2123_B2022.32845_v1 : F-TGRYGSRW	971482
W2756	F-TGRYRCAT	Z2022.7831	W2756a_Z2022.7831_v1 : F-TGRYRCAT	974313
W2403	F-TGRYRCGW	B2022.36707	W2403_B2022.36707_v1 : F-TGRYRCGW	972799
E2721	F-TGRYRSGT	B2021.41788	E2721_B2021.41788_v1 : F-TGRYRSGT	949497
W3150	F-TGRYRSRT	B2022.45991	W3150_B2022.45991_v1 : F-TGRYRSRT	975922
W1827	F-TGRYRSRW	B2022.28614	W1827_B2022.28614_v1 : F-TGRYRSRW	969967
W3712	F-TK??GCRT	B2022.53673	W3712_B2022.53673A_v1 : F-TK??GCRT	116442
W2798	F-TK?CAGRA	B2022.41764	W2798_B2022.41764_v1 : F-TK?CAGRA	974514
W2319	F-TK?CGCGA	B2022.35463	W2319_B2022.35463_v1 : F-TK?CGCGA	953169
W623	F-TK?TASGA	B2022.10032	W623_B2022.10032_v1 : F-TK?TASGA	963588
W625	F-TKACACRW	B2022.10026	W625_B2022.10026_v1 : F-TKACACRW	963591
W3360	F-TKACRGRA	B2022.48210	W3360_B2022.48210_v1 : F-TKACRGRA	976386
W125	F-TKACRSRW	B2022.1253	W125_B2022.1253_v2 : F-TKACRSRW	666430
W928	F-TKATAGAT	B2022.14567	W928_B2022.14567_v1 : F-TKATAGAT	965114
W3730	F-TKATASGW	B2022.54660	W3730_B2022.54660_v1 : F-TKATASGW	978674
Y258	F-TKATRCGT	B2023.3795	Y258_B2023.3795_v1 : F-TKATRCGT	980526
W1073	F-TKATRGAT	B2022.16857	W1073b_Pool1_B2022.16857_v1 : F-TKATRGAT	NA
W2325	F-TKAY?C?T	B2022.35611	W2325_B2022.35611_v1 : F-TKAY?C?T	972400
W3527	F-TKAYACAT	B2022.51766	W3527_B2022.51766_v1 : F-TKAYACAT	977117
W3084	F-TKAYACGA	B2022.44272	W3084_B2022.44272_v1 : F-TKAYACGA	860530
W2356	F-TKAYACRT	B2022.35957	W2356_B2022.35957_v1 : F-TKAYACRT	972582
W775	F-TKAYAGRW	B2022.11727	W775_B2022.11727_v1 : F-TKAYAGRW	963513
E1742	F-TKAYGCRW	B2021.25275	E1742_B2021.25275_v1 : F-TKAYGCRW	836954
W815	F-TKAYRCAT	B22.12598	W815_B22.12598_v1 : F-TKAYRCAT	964473
W2103	F-TKAYRGGW	B2022.32195	W2103_B2022.32195_v1 : F-TKAYRGGW	925999
Y53	F-TKAYRSAT	Z2023.98	Y53_Z2023.98_v1 : F-TKAYRSAT	979559
W1935	F-TKAYRSGA	B2022.30226	W1935_B2022.30226_v1 : F-TKAYRSGA	899040
W2384	F-TKAYRSGT	B2022.36142	W2384_B2022.36142_v1 : F-TKAYRSGT	972645
W3662	F-TKAYRSRT	B2022.52682	W3662_B2022.52682_v2 : F-TKAYRSRT	15323
W2728	F-TKAYRSRW	B2022.40611	W2728_B2022.40611C_v1 : F-TKAYRSRW	970834
Y58	F-TKGCRCGT	Z2023.103	Y58_1_Z2023.103_v1 : F-TKGCRCGT	979620
E3336	F-TKGCRCGW	Z2021.11096	E3336wh_Z2021.11096_v1 : F-TKGCRCGW	952731
W508	F-TKGCRGAT	B2022.8175	W508_B2022.8175_v1 : F-TKGCRGAT	962963
W1794	F-TKGCRSRT	B2022.28133	W1794_B2022.28133_v1 : F-TKGCRSRT	969811
Y550	F-TKGTAC?A	B2023.7890	Y550_B2023.7890_v1 : F-TKGTAC?A	981874
W2168	F-TKGTASAA	B2022.33108	W2168_B2022.33108_v1 : F-TKGTASAA	971565
W3198	F-TKGTGCAW	B2022.47177	W3198_B2022.47177_v1 : F-TKGTGCAW	87038
W3183	F-TKGTGGAT	B2022.46614	W3183_B2022.46614_v1 : F-TKGTGGAT	976071
W1765	F-TKGTGSGT	B2022.27872	W1765_B2022.27872_v1 : F-TKGTGSGT	969707
E3293	F-TKGTRCGW	Z2021.11091	E3293wh_Z2021.11091_v2 : F-TKGTRCGW	952524
W635	F-TKGTRCR?	Z2022.1066	W635_Z2022.1066_v1 : F-TKGTRCR?	955711
W123	F-TKGTRCRW	Z2022.326	W123_Z2022.326_v1 : F-TKGTRCRW	954646
W1994	F-TKGTRGGW	B2022.27146	W1994_B2022.27146_v1 : F-TKGTRGGW	270634
E3253	F-TKGTRSRT	Z2021.10983	E3253wh_Z2021.10983_v2 : F-TKGTRSRT	379825
W2364	F-TKGYACGW	Z2022.7509	W2364_Z2022.7509_v1 : F-TKGYACGW	972425
W1682	F-TKGYASGW	Z2022.5176	W1682_Z2022.5176_v1 : F-TKGYASGW	884449
W3226	F-TKGYASRT	B2022.47594	W3226_B2022.47594_v1 : F-TKGYASRT	966223
Y537	F-TKGYGCGW	B2023.6661	Y537_B2023.6661_v1 : F-TKGYGCGW	721832
E3520	F-TKGYGCRW	B2021.55108	E3520_B2021.55108A_v1 : F-TKGYGCRW	953804
W2941	F-TKGYGGGT	Z2022.8532	W2941_Z2022.8532_v1 : F-TKGYGGGT	974862
W357	F-TKGYR?GA	B2022.4643	W357_B2022.4643_v1 : F-TKGYR?GA	432540
W1795	F-TKGYRC?A	B2022.28104	W1795_B2022.28104N_v1 : F-TKGYRC?A	913595
E3406	F-TKGYRCGA	B2021.52670	E3406_B2021.52670_v1 : F-TKGYRCGA	324688
W1166	F-TKGYRCRT	B2022.18378	W1166_B2022.18378_v1 : F-TKGYRCRT	186648
W622	F-TKGYRGGT	B2022.10047	W622_B2022.10047_v1 : F-TKGYRGGT	963595
Y672	F-TKGYRGRW	B2023.9070	Y672_B2023.9070_v1 : F-TKGYRGRW	60925
W1359	F-TKGYRSAW	B2022.21175	W1359_B2022.21175_v1 : F-TKGYRSAW	689797
W1991	F-TKGYRSGT	B2022.31117	W1991_B2022.31117_v1 : F-TKGYRSGT	970909
W3626	F-TKGYRSGT	B2022.53168	W3626_B2022.53168_v1 : F-TKGYRSGT	978200
W785	F-TKR?GSGT	B2022.11433	W785_B2022.11433_v1 : F-TKR?GSGT	964084
Y346	F-TKRC??RA	B2023.4959	Y346_1_B2023.4959_v1 : F-TKRC??RA	980919
W1752	F-TKRCASRW	Z2022.5438	W1752_Z2022.5438_v1 : F-TKRCASRW	969142
E3022	F-TKRCGCGW	B2021.46209	E3022_B2021.46209_v1 : F-TKRCGCGW	950960
W3865	F-TKRCGCRW	B2022.56123	W3865_B2022.56123_v1 : F-TKRCGCRW	967618
W1764	F-TKRCGGRT	B2022.27613	W1764_B2022.27613_v1 : F-TKRCGGRT	969627
W1760	F-TKRCGSA?	B2022.27870	W1760_B2022.27870_v1 : F-TKRCGSA?	969701
W1706	F-TKRCGSRA	B2022.26784	W1706_B2022.26784_v1 : F-TKRCGSRA	969332
W3637	F-TKRCRSGT	B2022.52856	W3637_B2022.52856_v1 : F-TKRCRSGT	978105
Y157	F-TKRCRSGT	B2022.52856	Y157_B2022.52856_v1 : F-TKRCRSGT	978105
Y310	F-TKRT?SGT	B2023.4782	Y310_B2023.4782B_v1 : F-TKRT?SGT	980846
Y370	F-TKRTA???	Z2023.826	Y370_Z2023.826_v1 : F-TKRTA???	967360
W2028	F-TKRTAGRT	Z2022.5221	W2028_Z2022.5221_v1 : F-TKRTAGRT	970910
W1171	F-TKRTASRW	B2022.18169	W1171_B2022.18169_v1 : F-TKRTASRW	920180
E2684	F-TKRTGSGT	B2021.41088	E2684_B2021.41088_v1 : F-TKRTGSGT	949270
W3340	F-TKRTRC?W	B2022.48716	W3340_B2022.48716_v1 : F-TKRTRC?W	976746
E2967	F-TKRTRCRT	Z2021.9835	E2967_Z2021.9835_v1 : F-TKRTRCRT	948832
W3012	F-TKRTRCRW	B2022.43124	W3012_B2022.43124_v1 : F-TKRTRCRW	303378
W1614	F-TKRTRSAA	B2022.24799	W1614_B2022.24799_v1 : F-TKRTRSAA	968671
Y574	F-TKRTRSAT	B2023.8296	Y574_B2023.8296_v1 : F-TKRTRSAT	426092
W2629	F-TKRYAGA?	B2022.39539	W2629_B2022.39539_v1 : F-TKRYAGA?	525368
W265	F-TKRYAGRA	B2022.4338	W265_B2022.4338_v1 : F-TKRYAGRA	955581
W733	F-TKRYASRT	B2022.51337	W733_B2022.51337_v1 : F-TKRYASRT	952480
W2557	F-TKRYGCGA	B2022.35179	W2557_B2022.35179_v1 : F-TKRYGCGA	954241
W2210	F-TKRYGGGW	B2022.33894	W2210_B2022.33894_v1 : F-TKRYGGGW	971816
E2086	F-TKRYGSGW	B2021.30602	E2086_B2021.30602_v1 : F-TKRYGSGW	944756
W990	F-TKRYGSRW	B2022.13909	W990_B2022.13909I_v1 : F-TKRYGSRW	131533
W653	F-TKRYRCRW	B2022.10198	W653_B2022.10198_v1 : F-TKRYRCRW	963692
W2027	F-TKRYRCRW	B2022.31177	W2027_B2022.31177_v1 : F-TKRYRCRW	37084
W711	F-TKRYRGRT	B2022.9550	W711_B2022.9550_v1 : F-TKRYRGRT	678017
W3305	F-TKRYRSGA	B2022.48310	W3305_B2022.48310_v1 : F-TKRYRSGA	976619
W802	F-TKRYRSGW	B22.12449	W802_B22.12449_v1 : F-TKRYRSGW	443348
E2323	F-TKRYRSRT	B2021.35036	E2323_B2021.35036_v1 : F-TKRYRSRT	947187
E2492	F-TT?TRGRA	B2021.38199	E2492_B2021.38199_v1 : F-TT?TRGRA	154683
W3491	F-TTAC??AA	B2022.50129	W3491a_wh_B2022.50129_v2 : F-TTAC??AA	977235
E2568	F-TTACAGGA	B2021.39201	E2568_B2021.39201_v1 : F-TTACAGGA	562041
W2539	F-TTACAGGW	B2022.38209	W2539_B2022.38209_v1 : F-TTACAGGW	973295
ZW059	F-TTACGGG?	B2022.666	ZW059_B2022.666_v2 : F-TTACGGG?	954374
W3491	F-TTACRSAW	B2022.50129	W3491_1_B2022.50129B_v1 : F-TTACRSAW	977235
Y647	F-TTAT?SG?	B2023.8416	Y647_B2023.8416_v1 : F-TTAT?SG?	974237
W1535	F-TTATGCRA	Z2022.4383	W1535_Z2022.4383_v1 : F-TTATGCRA	968244
W1346	F-TTATGSG?	B2022.21304	W1346_B2022.21304_v1 : F-TTATGSG?	967432
W3326	F-TTATRGRW	B2022.48414	W3326_B2022.48414G_v1 : F-TTATRGRW	334850
W3582	F-TTAYAGRA	B2022.51616	W3582_B2022.51616_v1 : F-TTAYAGRA	157187
W2455	F-TTAYASGW	Z2022.7802	W2455_Z2022.7802_v1 : F-TTAYASGW	972793
W3245	F-TTAYGCRA	B2022.46766	W3245_B2022.46766_v1 : F-TTAYGCRA	974742
W2560	F-TTAYGSRA	B2022.38440	W2560_B2022.38440_v1 : F-TTAYGSRA	973379
W2275	F-TTAYRCRT	B2022.34736	W2275_B2022.34736_v1 : F-TTAYRCRT	538042
W3857	F-TTAYRGRW	B2022.56122	W3857_B2022.56122_v1 : F-TTAYRGRW	350183
W2563	F-TTAYRSRA	B2022.38647	W2563_B2022.38647_v1 : F-TTAYRSRA	551742
W1277	F-TTG?GSAT	B2022.20169	W1277_B2022.20169_v1 : F-TTG?GSAT	966132
W1308	F-TTGCACGT	B2022.19193	W1308_B2022.19193B_v1 : F-TTGCACGT	966046
W1932	F-TTGCACGT	Z2022.5216	W1932_Z2022.5216_v1 : F-TTGCACGT	970418
E3050	F-TTGCRG??	B2021.45729	E3050_B2021.45729_v1 : F-TTGCRG??	950820
W2440	F-TTGCRSGW	B2022.36681	W2440_B2022.36681_v1 : F-TTGCRSGW	972778
E2410	F-TTGTACGW	B2021.36847	E2410_B2021.36847_v1 : F-TTGTACGW	154349
E3103	F-TTGTAGGT	B2021.47877	E3103_B2021.47877_v1 : F-TTGTAGGT	209367
Y421	F-TTGTAGGW	B2023.6228	Y421_B2023.6228_v1 : F-TTGTAGGW	981343
Y423	F-TTGTASG?	B2023.5698	Y423_B2023.5698C_v1 : F-TTGTASG?	347823
W2986	F-TTGTGSGW	B2022.43214	W2986a_B2022.43214_v1 : F-TTGTGSGW	975074
W1448	F-TTGTRCAA	B2022.21591	W1448_B2022.21591_v1 : F-TTGTRCAA	967552
Y362	F-TTGTRCRT	B2023.5426	Y362_B2023.5426_v1 : F-TTGTRCRT	981070
Y33	F-TTGY?GRT	B2023.352	Y33_B2023.352_v1 : F-TTGY?GRT	976359
W1472	F-TTGYACGW	B2022.2874	W1472_B2022.2874_v1 : F-TTGYACGW	647896
W1913	F-TTGYGCGW	B2022.30024	W1913_B2022.30024_v1 : F-TTGYGCGW	970496
E2987	F-TTGYGGRW	Z2021.9937	E2987_Z2021.9937_v1 : F-TTGYGGRW	854362
W319	F-TTGYGSRW	B2022.5078	W319_B2022.5078_v1 : F-TTGYGSRW	955811
W2572	F-TTGYRCAA	B2022.36853	W2572_B2022.36853I_v1 : F-TTGYRCAA	902070
E2151	F-TTGYRSAW	B2021.31599	E2151_B2021.31599_v1 : F-TTGYRSAW	945001
W3200	F-TTRCASRT	B2022.47181	W3200_B2022.47181_v1 : F-TTRCASRT	647693
E2459	F-TTRCGCAT	B2021.37701	E2459_B2021.37701_v1 : F-TTRCGCAT	948081
E2765	F-TTRCGCRT	B2021.42553	E2765_B2021.42553_v1 : F-TTRCGCRT	621299
Y730	F-TTRCGCRT	B2023.9649	Y730_B2023.9649_v1 : F-TTRCGCRT	982582
Y505	F-TTRCGSRA	B2023.7083	Y505_B2023.7083_v1 : F-TTRCGSRA	421431
Y96	F-TTRCRCGW	B2023.1647	Y96_B2023.1647_v1 : F-TTRCRCGW	979847
Y50	F-TTRCRCR?	B2023.765	Y50_B2023.765_v1 : F-TTRCRCR?	225242
Y140	F-TTRCRCRT	B2023.2252	Y140_B2023.2252_v1 : F-TTRCRCRT	980002
Y591	F-TTRCRSAT	B2023.8422	Y591_B2023.8422_v1 : F-TTRCRSAT	773574
Y604	F-TTRTGCGT	Z2023.1323	Y604_Z2023.1323_v1 : F-TTRTGCGT	982122
W3801	F-TTRTGCRA	B2022.53353	W3801_B2022.53353C_v1 : F-TTRTGCRA	696842
E3580	F-TTRTGCRA	K2021.2365	E3580_K2021.2365_v1 : F-TTRTGCRA	948232
W208	F-TTRTGCRW	B2022.2428	W208_pool1_B2022.2428_v1 : F-TTRTGCRW	528433
Y173	F-TTRTGSGT	B2023.2780	Y173_B2023.2780_v1 : F-TTRTGSGT	155557
Y604	F-TTRTGSGT	Z2023.1323	Y604_Z2023.1323_v2 : F-TTRTGSGT	982122
E2930	F-TTRTRCRW	J2021.4765	E2930_J2021.4765_v1 : F-TTRTRCRW	938495
E3125	F-TTRTRSAT	B2021.48136	E3125_B2021.48136_v1 : F-TTRTRSAT	951535
W3459	F-TTRTRSGW	B2022.50651	W3459_B2022.50651_v1 : F-TTRTRSGW	977424
W1565	F-TTRTRSRW	B2022.24220	W1565_B2022.24220_v1 : F-TTRTRSRW	968462
W2195	F-TTRYASGW	B2022.33744	W2195_B2022.33744_v2 : F-TTRYASGW	971765
E2973	F-TTRYGCRW	B2021.44345	E2973_B2021.44345_v1 : F-TTRYGCRW	451491
W2060	F-TTRYGGRA	B2022.31295	W2060_B2022.31295B_v1 : F-TTRYGGRA	719081
W962	F-TTRYRCGA	B2022.14951	W962_reload_B2022.14951_v1 : F-TTRYRCGA	965278
W2031	F-TTRYRGRT	B2022.31652	W2031_B2022.31652_v1 : F-TTRYRGRT	971082
W1902	F-TTRYRGRW	B2022.29807	W1902_B2022.29807_v1 : F-TTRYRGRW	970398
W2315	F-TTRYRSAT	B2022.35403	W2315_B2022.35403_v1 : F-TTRYRSAT	972342
E915	F-Y?GTA?AT	B2021.12974	E915_B2021.12974 : F-Y?GTA?AT	894625
W1632	F-Y?GTAS?A	B2022.25365	W1632_A_B2022.25365_A_v1 : F-Y?GTAS?A	968836
W929	F-Y?GYRSAA	B2022.14566	W929_B2022.14566_v1 : F-Y?GYRSAA	194112
W162	F-Y?GYRSAW	B2022.2591	W162_B2022.2591_v1 : F-Y?GYRSAW	571568
W3460	F-Y?RCRCRA	B2022.50289	W3460_B2022.50289_v1 : F-Y?RCRCRA	977299
E1128	F-Y?RTASRW	B2021.15997	E1128_B2021.15997_v1 : F-Y?RTASRW	939454
Y602	F-Y?RTRGGT	B2023.8487	Y602_1_B2023.8487_v1 : F-Y?RTRGGT	982117
Z2162	F-Y?RY?SG?	B2020.35815	Z2162_B2020.35815_v1 : F-Y?RY?SG?	224615
W844	F-Y?RYASRT	B2022.5584	W844_B2022.5584A_v1 : F-Y?RYASRT	955953
W3193	F-YG??GCGT	B2022.46797	W3193_B2022.46797_v1 : F-YG??GCGT	976150
Y724	F-YG?CACRW	Z2023.1334	Y724_1_Z2023.1334_v1 : F-YG?CACRW	982595
W2047	F-YG?Y?SA?	B2022.31776	W2047_B2022.31776_v1 : F-YG?Y?SA?	832401
W2494	F-YG?YRSAT	B2022.36905	W2494_B2022.36905_v1 : F-YG?YRSAT	374662
E2813	F-YGA?ASRW	B2021.43037	E2813_B2021.43037_v1 : F-YGA?ASRW	950020
W3202	F-YGACAGAA	B2022.46939	W3202_B2022.46939_v1 : F-YGACAGAA	369468
E3109	F-YGACGCAA	B2021.48184	E3109_B2021.48184_v1 : F-YGACGCAA	846088
W910	F-YGACGCGT	B2022.13815	W910_B2022.13815_v1 : F-YGACGCGT	726035
W2987	F-YGACGSRW	B2022.43418	W2987_B2022.43418_v1 : F-YGACGSRW	802139
W3339	F-YGACRCAW	B2022.49012	W3339_B2022.49012_v1 : F-YGACRCAW	611418
E3577	F-YGACRSGT	B2021.55707	E3577_B2021.55707_v1 : F-YGACRSGT	930328
W1145	F-YGATGGRW	B2022.17288	W1145_B2022.17288A_v1 : F-YGATGGRW	131787
W3155	F-YGAYGSAA	B2022.45072	W3155_B2022.45072_v1 : F-YGAYGSAA	975646
E2448	F-YGAYGSGT	B2021.37668	E2448_B2021.37668_v1 : F-YGAYGSGT	947133
W3481	F-YGAYGSRA	B2022.50831	W3481_B2022.50831_v1 : F-YGAYGSRA	977485
E2193	F-YGAYRGGW	B2021.30596	E2193_B2021.30596_v1 : F-YGAYRGGW	944641
W2849	F-YGAYRSRA	B2022.42302	W2849_B2022.42302_v1 : F-YGAYRSRA	970506
W3770	F-YGAYRSRT	Z2022.10952	W3770_Z2022.10952_v1 : F-YGAYRSRT	978264
W502	F-YGGCGCRA	B2022.7876	W502_B2022.7876_v1 : F-YGGCGCRA	889383
E2706	F-YGGCRCGW	B2021.41337	E2706_B2021.41337_v1 : F-YGGCRCGW	949359
E2986	F-YGGCRCRA	B2021.45869	E2986_B2021.45869_v1 : F-YGGCRCRA	911234
W2182	F-YGGCRGRT	B2022.33651	W2182_B2022.33651_v1 : F-YGGCRGRT	971727
W2407	F-YGGCRSGT	B2022.36705	W2407_B2022.36705_v1 : F-YGGCRSGT	972800
W1169	F-YGGTASGW	B2022.18393	W1169_B2022.18393_v1 : F-YGGTASGW	966444
E3489	F-YGGTGCGA	B2021.54648	E3489wh_B2021.54648_v1 : F-YGGTGCGA	953634
E2266	F-YGGTGGRW	B2021.34153	E2266_B2021.34153_v1 : F-YGGTGGRW	946844
W1421	F-YGGTGSGT	B2022.21757	W1421_B2022.21757_v1 : F-YGGTGSGT	722117
W3522	F-YGGTRCGW	B2022.51370	W3522_B2022.51370_v1 : F-YGGTRCGW	977644
E2045	F-YGGTRCGW	Z2021.6505	E2045_Z2021.6505_v1 : F-YGGTRCGW	944545
W1294	F-YGGYAGAW	B2022.20208	W1294_B2022.20208_v1 : F-YGGYAGAW	967054
W482	F-YGGYGCRA	B2022.6687	W482_B2022.6687A_v1 : F-YGGYGCRA	164540
W3436	F-YGGYR?AW	B2022.50290	W3436_B2022.50290_v1 : F-YGGYR?AW	977288
W2940	F-YGGYRCRW	B2022.43013	W2940_B2022.43013_v1 : F-YGGYRCRW	974967
E3480	F-YGRCA?RW	B2021.54422	E3480wh_B2021.54422_v1 : F-YGRCA?RW	953571
W664	F-YGRCAS?W	B2022.10314	W664_B2022.10314_v1 : F-YGRCAS?W	963745
W3658	F-YGRCGGRA	B2022.53438	W3658_B2022.53438_v1 : F-YGRCGGRA	978298
W2108	F-YGRCGSGW	K2022.1246	W2108_K2022.1246_v1 : F-YGRCGSGW	677059
W3152	F-YGRCGSGW	Z2022.9133	W3152_Z2022.9133_v1 : F-YGRCGSGW	975921
W1615	F-YGRCGSRW	B2022.23891	W1615_B2022.23891C_v1 : F-YGRCGSRW	174867
W2105	F-YGRCR?AA	B2022.31918	W2105_B2022.31918N_v1 : F-YGRCR?AA	970453
Y718	F-YGRCRSRW	B2023.9406	Y718_B2023.9406_v1 : F-YGRCRSRW	982509
W3174	F-YGRTACRT	B2022.45420	W3174_1_B2022.45420_v1 : F-YGRTACRT	975786
W1984	F-YGRTGCAW	B2022.30980	W1984_B2022.30980_v1 : F-YGRTGCAW	970848
E3574	F-YGRTGCGT	B2021.55660	E3574_B2021.55660_v1 : F-YGRTGCGT	953975
W2401	F-YGRTRSRW	B2022.36695	W2401_B2022.36695_v1 : F-YGRTRSRW	972768
W1334	F-YGRYACAT	Z2022.3184	W1334_Z2022.3184_v1 : F-YGRYACAT	967206
W2719	F-YGRYGGAT	B2022.39980	W2719_B2022.39980_v1 : F-YGRYGGAT	677701
W1525	F-YGRYGSGA	B2022.23286	W1525_B2022.23286_v1 : F-YGRYGSGA	382790
W3655	F-YGRYGSRA	B2022.53440	W3655_B2022.53440A_v1 : F-YGRYGSRA	949945
W996	F-YGRYRCGT	B2022.15293	W996_B2022.15293B_v1 : F-YGRYRCGT	965359
E2544	F-YGRYRG?A	B2021.38863	E2544_B2021.38863_v1 : F-YGRYRG?A	948532
W1949	F-YGRYRGGT	B2022.30644	W1949_B2022.30644_v1 : F-YGRYRGGT	970712
W1385	F-YGRYRGRT	B2022.21599	W1385_B2022.21599_v1 : F-YGRYRGRT	652426
Y110	F-YGRYRGRW	Z2023.106	Y110_Z2023.106_v1 : F-YGRYRGRW	535235
E840	F-YGRYRSAA	B2021.12495	E840_B2021.12495_v1 : F-YGRYRSAA	938229
E1782	F-YGRYRSAT	B2021.26269	E1782_B2021.26269_v1 : F-YGRYRSAT	943167
Y460	F-YGRYRSGW	B2023.5667	Y460_B2023.5667_v1 : F-YGRYRSGW	973680
Y89	F-YGRYRSRW	B2023.1306	Y89_B2023.1306_v1 : F-YGRYRSRW	979773
W3406	F-YK??AGGW	B2022.49649	W3406_B2022.49649_v1 : F-YK??AGGW	977078
W3903	F-YK?CASGT	B2022.55983	W3903_B2022.55983L_v1 : F-YK?CASGT	979103
W3016	F-YKA?ACGA	Z2022.8553	W3016_Z2022.8553_v1 : F-YKA?ACGA	975250
W1379	F-YKA?GCGW	B2022.21489	W1379_B2022.21489_v2 : F-YKA?GCGW	967524
W1335	F-YKACASA?	B2022.19070	W1335_B2022.19070B_v1 : F-YKACASA?	877390
W3310	F-YKACASGA	B2022.48733	W3310_B2022.48733_v1 : F-YKACASGA	976734
W3442	F-YKACGCAA	B2022.50292	W3442_B2022.50292_v1 : F-YKACGCAA	977071
W2558	F-YKACGCGT	B2022.38438	W2558_B2022.38438_v1 : F-YKACGCGT	973374
W1432	F-YKACRCGW	Z2022.4523	W1432_Z2022.4523_v1 : F-YKACRCGW	927378
W539	F-YKACRGRA	B2022.8170	W539_B2022.8170_wh_v1 : F-YKACRGRA	120323
W2678	F-YKACRGRT	B2022.40223	W2678_B2022.40223_v1 : F-YKACRGRT	973941
Y823	F-YKACRS?T	B2023.10202	Y823_B2023.10202_v1 : F-YKACRS?T	982799
E2250	F-YKATACGT	B2021.33797	E2250_B2021.33797_v1 : F-YKATACGT	946687
W618	F-YKATGCRW	B2022.9447	W618_B2022.9447_v1 : F-YKATGCRW	963372
W2446	F-YKATGSGT	B2022.36845	W2446_B2022.36845_v1 : F-YKATGSGT	972850
Y389	F-YKATGSGW	Z2023.827	Y389_Z2023.827_v1 : F-YKATGSGW	101787
E2675	F-YKATGSRT	Z2021.8330	E2675_Z2021.8330_v1 : F-YKATGSRT	949216
E2051	F-YKATRCRT	B2021.23347	E2051_B2021.23347B_v1 : F-YKATRCRT	68056
W2497	F-YKATRSRA	B2022.37720	W2497_B2022.37720_v1 : F-YKATRSRA	973138
W3094	F-YKAYA?G?	B2022.45009	W3094_1_B2022.45009_v1 : F-YKAYA?G?	975616
W3613	F-YKAYAGGT	B2022.51077	W3613a_B2022.51077_v1 : F-YKAYAGGT	977540
E3179	F-YKAYASRT	B2021.48885	E3179_B2021.48885_v1 : F-YKAYASRT	494635
W1144	F-YKAYGCAW	B2022.18156	W1144_B2022.18156_v1 : F-YKAYGCAW	966381
W1793	F-YKAYGGRW	B2022.28019	W1793_B2022.28019_v1 : F-YKAYGGRW	181707
Y387	F-YKAYGGRW	B2023.5925	Y387_B2023.5925_v1 : F-YKAYGGRW	181707
W3268	F-YKAYGSGT	B2022.45228	W3268_B2022.45228_v1 : F-YKAYGSGT	975708
W1088	F-YKAYRCAA	B2022.17095	W1088_B2022.17095_v1 : F-YKAYRCAA	938061
W2809	F-YKAYRCRA	B2022.41418	W2809_B2022.41418K_v1 : F-YKAYRCRA	120791
W2120	F-YKAYRSAW	B2022.32571	W2120_B2022.32571_v1 : F-YKAYRSAW	971438
W1034	F-YKAYRSGA	B2022.16013	W1034_B2022.16013_v1 : F-YKAYRSGA	965493
W3584	F-YKAYRSRT	B2022.51713	W3584_B2022.51713K_v1 : F-YKAYRSRT	267863
W2193	F-YKGCACRA	Z2022.6509	W2193_Z2022.6509_v1 : F-YKGCACRA	971781
W774	F-YKGCAGGA	B2022.11915	W774_B2022.11915_v1 : F-YKGCAGGA	964245
Y504	F-YKGCASAA	B2023.6975	Y504_B2023.6975B_v1 : F-YKGCASAA	981246
W3603	F-YKGCGSAT	B2022.51912	W3603_B2022.51912H_v1 : F-YKGCGSAT	977456
W3586	F-YKGCR?G?	B2022.52179	W3586_B2022.52179_v1 : F-YKGCR?G?	977895
W2282	F-YKGCRGGT	B2022.34893	W2282_B2022.34893_v1 : F-YKGCRGGT	972171
W442	F-YKGCRSRA	B2022.7014	W442_B2022.7014_v1 : F-YKGCRSRA	962567
W2244	F-YKGTASAA	B2022.33220	W2244_B2022.33220_v1 : F-YKGTASAA	775727
Y595	F-YKGTASGA	B2023.6946	Y595_B2023.6946A_v1 : F-YKGTASGA	980900
E2232	F-YKGTGSRW	B2021.33441	E2232_B2021.33441_v1 : F-YKGTGSRW	945567
W2672	F-YKGTRCRW	B2022.39909	W2672_B2022.39909_v2 : F-YKGTRCRW	973833
Y596	F-YKGYAGGW	K2023.257	Y596a_K2023.257_v1 : F-YKGYAGGW	981862
Y330	F-YKGYASRT	B2023.4864	Y330a_B2023.4864_v2 : F-YKGYASRT	790132
Y269	F-YKGYGGGA	B2023.4392	Y269a_B2023.4392_v1 : F-YKGYGGGA	980700
W1174	F-YKGYGGRA	B2022.18633	W1174_B2022.18633_v1 : F-YKGYGGRA	947965
W1835	F-YKGYRCRA	B2022.29140	W1835_B2022.29140_v1 : F-YKGYRCRA	970107
E3175	F-YKGYRGAA	B2021.48567	E3175WH_B2021.48567_v1 : F-YKGYRGAA	41167
W3001	F-YKGYRGGW	Z2022.8550	W3001_Z2022.8550_v1 : F-YKGYRGGW	975138
W524	F-YKGYRSGT	B2022.7621	W524_B2022.7621A_v1 : F-YKGYRSGT	585169
Y341	F-YKGYRSRA	B2023.5338	Y341_1_B2023.5338_v1 : F-YKGYRSRA	830842
W637	F-YKR?G?RT	B2022.10207	W637_B2022.10207_v1 : F-YKR?G?RT	963688
W1970	F-YKR?RSRW	Z2022.5217	W1970wh_1_Z2022.5217_v1 : F-YKR?RSRW	970507
E3346	F-YKRCACGA	Z2021.11233	E3346_Z2021.11233_v1 : F-YKRCACGA	952820
W835	F-YKRCACRT	B2022.12686	W835_B2022.12686A_v1 : F-YKRCACRT	963140
W1127	F-YKRCG?AW	Z2022.3169	W1127wh_Z2022.3169_v1 : F-YKRCG?AW	966200
W1587	F-YKRCGCAW	B2022.24795	W1587_B2022.24795_v1 : F-YKRCGCAW	968652
W870	F-YKRCGGAW	B2022.13652	W870_1_B2022.13652_v1 : F-YKRCGGAW	964792
Y701	F-YKRCGSAA	B2023.9232	Y701_B2023.9232_v1 : F-YKRCGSAA	982466
W1843	F-YKRCGSGW	B2022.29137	W1843wh_B2022.29137_merged : F-YKRCGSGW	970114
W2817	F-YKRCR?RA	B2022.41134	W2817_B2022.41134B_v1 : F-YKRCR?RA	143068
W2273	F-YKRCRCAT	B2022.34702	W2273_B2022.34702_v1 : F-YKRCRCAT	972088
W2248	F-YKRCRGGW	Z2022.6764	W2248_Z2022.6764_v1 : F-YKRCRGGW	971193
Y709	F-YKRCRSRT	B2023.9163	Y709_B2023.9163B_v1 : F-YKRCRSRT	963804
W1252	F-YKRCRSRW	B2022.19732	W1252_B2022.19732_v1 : F-YKRCRSRW	966876
W3261	F-YKRCRSRW	B2022.46307	W3261_B2022.46307_v1 : F-YKRCRSRW	976009
Y553	F-YKRTACRT	B2023.7568	Y553_B2023.7568_v1 : F-YKRTACRT	420989
W1918	F-YKRTASGT	B2022.30194	W1918_B2022.30194_v1 : F-YKRTASGT	970569
E2315	F-YKRTGCRT	B2021.34897	E2315_B2021.34897_v1 : F-YKRTGCRT	700782
W1079	F-YKRTGCRT	B2022.15542	W1079_B2022.15542_v1 : F-YKRTGCRT	700782
W3846	F-YKRTGGGW	B2022.55612	W3846_B2022.55612_v1 : F-YKRTGGGW	979010
W1585	F-YKRTGSAT	B2022.24800	W1585_B2022.24800_v1 : F-YKRTGSAT	968667
Y518	F-YKRTGSGA	B2023.6176	Y518_B2023.6176_v1 : F-YKRTGSGA	981334
W451	F-YKRTGSRW	B2022.7188	W451_B2022.7188_v1 : F-YKRTGSRW	962633
W3563	F-YKRTRCGW	B2022.51355	W3563_B2022.51355A_v1 : F-YKRTRCGW	590095
W3228	F-YKRTRSAW	B2022.47593	W3228_B2022.47593_v1 : F-YKRTRSAW	209170
E3442	F-YKRY?SGW	B2021.53742	E3442_B2021.53742_v1 : F-YKRY?SGW	953341
W157	F-YKRYACRT	Z2022.55	W157WH_pool1_Z2022.55_v2 : F-YKRYACRT	955052
W2532	F-YKRYAGRW	B2022.36607	W2532_B2022.36607H_v1 : F-YKRYAGRW	426213
W778	F-YKRYASG?	B2022.11913	W778_B2022.11913_v1 : F-YKRYASG?	964248
W3778	F-YKRYASRW	B2022.55096	W3778_B2022.55096_v1 : F-YKRYASRW	978841
E3578	F-YKRYGCGT	B2021.55663	E3578_B2021.55663_v1 : F-YKRYGCGT	953978
W511	F-YKRYGCGW	B2022.8159	W511_B2022.8159_v1 : F-YKRYGCGW	962960
W3562	F-YKRYGGAW	B2022.51558	W3562_B2022.51558_v1 : F-YKRYGGAW	977727
ZW067	F-YKRYRCAT	B2022.1177	ZW067_B2022.1177_v1 : F-YKRYRCAT	398726
W3469	F-YKRYRCAW	B2022.50318	W3469_B2022.50318_v1 : F-YKRYRCAW	977317
W3736	F-YKRYRCAW	B2022.53857	W3736_B2022.53857A_v1 : F-YKRYRCAW	978414
Y239	F-YKRYRCRW	B2023.3791	Y239_B2023.3791_v1 : F-YKRYRCRW	980516
E3510	F-YKRYRGGA	B2021.54949	E3510a_B2021.54949_v1 : F-YKRYRGGA	953733
W3827	F-YKRYRSAW	B2022.55826	W3827_B2022.55826_v1 : F-YKRYRSAW	979067
W662	F-YKRYRSGA	B2022.10327	W662_B2022.10327_v1 : F-YKRYRSGA	566754
W1460	F-YKRYRSGA	B2022.22669	W1460_B2022.22669_v1 : F-YKRYRSGA	967912
W1858	F-YKRYRSGA	B2022.25328	W1858_B2022.25328_v1 : F-YKRYRSGA	968818
Y281	F-YKRYRSGW	B2023.4604	Y281_B2023.4604_v1 : F-YKRYRSGW	980779
W1340	F-YKRYRSR?	B2022.21229	W1340_B2022.21229_v1 : F-YKRYRSR?	368922
Y707	F-YKRYRSRA	B2023.9409	Y707_B2023.9409_v1 : F-YKRYRSRA	982508
W3346	F-YKRYRSRW	B2022.49009	W3346_B2022.49009_v1 : F-YKRYRSRW	976852
W3372	F-YKRYRSRW	B2022.49155	W3372_B2022.49155_v1 : F-YKRYRSRW	976921
W3835	F-YRCRCGT	B2022.55841	W3835_B2022.55841_v1 : F-YRCRCGT	979095
Y551	F-YSG	B2023.7884	Y551_B2023.7884_merged : F-YSG	981851
W2038	F-YT?YASRW	B2022.31672	W2038_B2022.31672_v2 : F-YT?YASRW	971104
E3092	F-YT?YRGGT	B2021.47598	E3092_B2021.47598_v1 : F-YT?YRGGT	246312
W3714	F-YT?YRGRW	Z2022.10609	W3714_1_Z2022.10609_v1 : F-YT?YRGRW	978442
W3201	F-YTAC?CRA	B2022.47182	W3201_B2022.47182_v1 : F-YTAC?CRA	209876
E3309	F-YTACACGW	B2021.51597	E3309wh_B2021.51597_v1 : F-YTACACGW	952599
W517	F-YTACACRT	B2022.7884	W517_B2022.7884_merged : F-YTACACRT	890777
E1464	F-YTACAS?T	K2021.1069	E1464_K2021.1069_ChildhoodDNA_v1 : F-YTACAS?T	941522
Y630	F-YTACASAA	B2023.7942	Y630_B2023.7942_v1 : F-YTACASAA	981891
Y397	F-YTACASGW	B2023.5523	Y397_B2023.5523_v1 : F-YTACASGW	981104
E3337	F-YTACGCGW	B2021.50305	E3337_B2021.50305_v1 : F-YTACGCGW	526605
Z2623	F-YTACGCRW	B2020.44230	Z2623_B2020.44230_v1 : F-YTACGCRW	931422
W2696	F-YTATRSRA	B2022.40387	W2696_B2022.40387_v1 : F-YTATRSRA	973999
W151	F-YTAYAGAT	J2022.143	W151_J2022.143_v1 : F-YTAYAGAT	903779
W1017	F-YTAYRCAA	B2022.15961	W1017_B2022.15961_v1 : F-YTAYRCAA	857930
W595	F-YTAYRGGA	B2022.6485	W595a_B2022.6485E_v1 : F-YTAYRGGA	518696
W3359	F-YTAYRSAW	Z2022.9528	W3359_Z2022.9528_v1 : F-YTAYRSAW	976841
Y597	F-YTAYRSGT	B2023.8297	Y597wh_B2023.8297_v1 : F-YTAYRSGT	981065
W2337	F-YTAYRSGW	Z2022.7360	W2337_Z2022.7360_v1 : F-YTAYRSGW	972283
Y433	F-YTGCGSGW	B2023.6466	Y433_B2023.6466_v1 : F-YTGCGSGW	230902
W1571	F-YTGCGSGW	Z2022.5072	W1571_Z2022.5072_v1 : F-YTGCGSGW	21148
W099	F-YTGCRCAT	B2022.1783	W099_B2022.1783_v2 : F-YTGCRCAT	954769
W988	F-YTGCRCRT	B2022.15530	W988_B2022.15530_v1 : F-YTGCRCRT	180401
W1992	F-YTGCRGGA	B2022.30218	W1992_B2022.30218_v1 : F-YTGCRGGA	476455
E2291	F-YTGCRSRT	B2021.34535	E2291_B2021.34535_v1 : F-YTGCRSRT	946985
W2320	F-YTGCRSRT	B2022.35511	W2320_B2022.35511_v1 : F-YTGCRSRT	969004
W2616	F-YTGCRSRW	B2022.39284	W2616_B2022.39284_v1 : F-YTGCRSRW	973636
E1449	F-YTGTASGT	Z2021.4514	E1449_Z2021.4514_v1 : F-YTGTASGT	941542
Y14	F-YTGTASRA	B2023.10	Y14_B2023.10B_v1 : F-YTGTASRA	979426
W1295	F-YTGTGCRT	B2022.20165	W1295_B2022.20165 A_v1 : F-YTGTGCRT	967015
Y390	F-YTGTRGGT	Z2023.983	Y390_Z2023.983_v1 : F-YTGTRGGT	937942
E3296	F-YTGTRSGA	B2021.51714	E3296wh_B2021.51714_v1 : F-YTGTRSGA	944966
Y74	F-YTGTRSRA	B2023.1098	Y74_B2023.1098_v1 : F-YTGTRSRA	979702
W3007	F-YTGYACAA	B2022.43056	W3007_B2022.43056_v1 : F-YTGYACAA	814977
W3121	F-YTGYACGW	Z2022.9109	W3121_Z2022.9109_v1 : F-YTGYACGW	975046
W564	F-YTGYGCGT	B2022.5354	W564_B2022.5354F_v1 : F-YTGYGCGT	145368
W2490	F-YTGYR?AW	B2022.37370	W2490_B2022.37370_v1 : F-YTGYR?AW	973018
W3602	F-YTGYRGRW	B2022.52644	W3602_B2022.52644_v1 : F-YTGYRGRW	978039
W352	F-YTGYRSAT	B2022.5603	W352_B2022.5603_v1 : F-YTGYRSAT	955952
W2832	F-YTGYRSGW	B2022.42153	W2832_B2022.42153_v1 : F-YTGYRSGW	645096
Z2080	F-YTRCAGAW	B2020.35660	Z2080_B2020.35660_v1 : F-YTRCAGAW	830990
Y731	F-YTRCASGW	Z2023.1330	Y731_Z2023.1330_v1 : F-YTRCASGW	982578
Y150	F-YTRCGSGW	B2023.2470	Y150_B2023.2470_v1 : F-YTRCGSGW	974866
Y371	F-YTRCRSAT	Z2023.813	Y371_Z2023.813_v1 : F-YTRCRSAT	640144
W1247	F-YTRCRSGW	B2022.19409	W1247_B2022.19409_v1 : F-YTRCRSGW	966805
W1739	F-YTRCRSGW	B2022.27421	W1739_B2022.27421_v1 : F-YTRCRSGW	969583
W272	F-YTRCRSRT	Z2022.62	W272_Z2022.62_v1 : F-YTRCRSRT	955284
W3924	F-YTRTAGRT	B2022.56541	W3924_B2022.56541_v1 : F-YTRTAGRT	979404
E3252	F-YTRTGCRT	Z2021.11086	E3252wh_Z2021.11086_v2 : F-YTRTGCRT	952288
Y554	F-YTRTGSRA	B2023.7546	Y554_B2023.7546T_v1 : F-YTRTGSRA	423507
W1610	F-YTRYACRW	B2022.23867	W1610_B2022.23867_v1 : F-YTRYACRW	968687
Y230	F-YTRYAGAW	B2023.3598	Y230_B2023.3598_v1 : F-YTRYAGAW	980436
W2322	F-YTRYASGT	B2022.35244	W2322_B2022.35244_v1 : F-YTRYASGT	972114
W3456	F-YTRYGCAW	B2022.50329	W3456_B2022.50329_v1 : F-YTRYGCAW	373738
W447	F-YTRYGCGW	B2022.7156	W447_B2022.7156_v1 : F-YTRYGCGW	962653
E2683	F-YTRYGGRA	B2021.39552	E2683_B2021.39552_v1 : F-YTRYGGRA	230893
W804	F-YTRYGSGA	B22.12176	W804_B22.12176_v1 : F-YTRYGSGA	964310
Y231	F-YTRYGSGW	B2023.3599	Y231_B2023.3599_v1 : F-YTRYGSGW	980437
E3397	F-YTRYRCRW	B2021.52708	E3397_B2021.52708_v1 : F-YTRYRCRW	952985
E398	F-YTRYRCRW	B2021.5878	E398_B2021.5878_v1 : F-YTRYRCRW	935849
E2775	F-YTRYRSGT	B2021.42528	E2775_B2021.42528_v1 : F-YTRYRSGT	949808
W3388	F-YTRYRSRT	B2022.49629	W3388_B2022.49629_v1 : F-YTRYRSRT	977096
W2657	M-?	B2022.39869	W2657_B2022.39869_v1 : M-?	196166
Y107	M-?G?YGSRW	B2023.1906	Y107a_WH_1_B2023.1906_v1 : M-?G?YGSRW	979907
W3867	M-?GGTRSGT	Z2022.10617	W3867_Z2022.10617_v1 : M-?GGTRSGT	978910
W1683	M-?GR?RGAW	B2022.26440	W1683_WH_B2022.26440_v1 : M-?GR?RGAW	969173
W3265	M-?KAYGGRT	B2022.47897	W3265_B2022.47897_v1 : M-?KAYGGRT	976552
W2820	M-?KAYRSRT	B2022.42049	W2820wh_B2022.42049_v1 : M-?KAYRSRT	974592
Y99	M-?KGYASAT	B2023.1646	Y99_B2023.1646_v1 : M-?KGYASAT	917650
W3585	M-?KRYRSAA	B2022.52178	W3585_B2022.52178_v1 : M-?KRYRSAA	977065
W3424	M-?TATRCGW	B2022.49822	W3424_B2022.49822_v1 : M-?TATRCGW	977139
W2801	M-?TGCRCRT	B2022.41579	W2801_B2022.41579_v1 : M-?TGCRCRT	930766
Y440	M-?TR?RCR?	B2023.6479	Y440_1_B2023.6479A_v1 : M-?TR?RCR?	526975
E1917	M-?TRCASGW	B2021.27949	E1917_B2021.27949_v2 : M-?TRCASGW	743719
W465	M-C?G?G?GW	B2022.7390	W465_B2022.7390_v1 : M-C?G?G?GW	962703
W3873	M-CGACGS?W	B2022.56205	W3873_B2022.56205_v1 : M-CGACGS?W	907281
W3288	M-CGATRSGA	B2022.47137	W3288_B2022.47137_v1 : M-CGATRSGA	426270
W1399	M-CGGC?SRA	B2022.21681	W1399_B2022.21681_v1 : M-CGGC?SRA	382355
W3682	M-CGGCACRT	B2022.53653	W3682_B2022.53653_v1 : M-CGGCACRT	978379
W3021	M-CGGCAGGW	B2022.43840	W3021_B2022.43840_v1 : M-CGGCAGGW	975260
E2686	M-CGGCRCGW	B2021.36972	E2686_B2021.36972C_v1 : M-CGGCRCGW	947864
ZW61	M-CGGTGGAW	Z2022.43	ZW61_Z2022.43_v1 : M-CGGTGGAW	NA
W1773	M-CGGTGSAT	B2022.28062	W1773_B2022.28062_v1 : M-CGGTGSAT	407227
E3226	M-CGGYACGA	B2021.50068	E3226_B2021.50068_v1 : M-CGGYACGA	35640
W3284	M-CGGYGCGT	B2022.47714	W3284_B2022.47714_v1 : M-CGGYGCGT	976464
W2757	M-CGRCGGRW	B2022.41144	W2757_B2022.41144_v1 : M-CGRCGGRW	974302
W2855	M-CGRCGSAT	B2022.42474	W2855_B2022.42474_v1 : M-CGRCGSAT	497579
W1282	M-CGRCGSRW	B2022.20077	W1282_B2022.20077_v2 : M-CGRCGSRW	942378
W638	M-CGRCRCGT	B2022.10208	W638_B2022.10208_v1 : M-CGRCRCGT	963684
W3389	M-CGRCRGRW	B2022.49546	W3389_B2022.49546_v1 : M-CGRCRGRW	977040
E3049	M-CGRCRSRT	B2021.45061	E3049_B2021.45061_v1 : M-CGRCRSRT	842163
W2238	M-CGRTRGRT	B2022.34118	W2238_B2022.34118_v1 : M-CGRTRGRT	971886
E2674	M-CGRYAGGT	B2021.40945	E2674_B2021.40945_v1 : M-CGRYAGGT	910287
W2098	M-CGRYGSGT	B2022.32196	W2098_B2022.32196_v1 : M-CGRYGSGT	971275
W3904	M-CKAYRCGA	B2022.56313	W3904_1_B2022.56313A_B_v1 : M-CKAYRCGA	979296
W3175	M-CKG?GCGA	Z2022.9354	W3175_Z2022.9354_v1 : M-CKG?GCGA	975519
W1609	M-CKGTGSRA	B2022.25052	W1609_B2022.25052_v1 : M-CKGTGSRA	730907
Y126	M-CKGTRCGT	B2023.2203	Y126_B2023.2203_v1 : M-CKGTRCGT	979976
E3478-B2021.54419	M-CKGTRGRT	B2021.54419	E3478wh-B2021.54419_v1 : M-CKGTRGRT	NA
W2003	M-CKGYASAW	B2022.29838	W2003_B2022.29838_v1 : M-CKGYASAW	969339
W2021	M-CKGYASAW	B2022.30895	W2021_B2022.30895_v2 : M-CKGYASAW	967978
Y208	M-CKGYRSGA	B2023.3313	Y208_B2023.3313_v1 : M-CKGYRSGA	980365
W1242	M-CKRC?CGT	B2022.19734	W1242_B2022.19734_v1 : M-CKRC?CGT	966437
W554	M-CKRCASRA	B2022.8825	W554_B2022.8825_wh_v1 : M-CKRCASRA	905136
W2782	M-CKRCASRT	B2022.41548	W2782_B2022.41548_v1 : M-CKRCASRT	973554
W2032	M-CKRCGSRW	B2022.31645	W2032_B2022.31645_v1 : M-CKRCGSRW	971078
W2029	M-CKRCGSRW	B2022.31646	W2029_B2022.31646_v2 : M-CKRCGSRW	971080
W793	M-CKRCRSAT	B22.12145	W793_B22.12145_v1 : M-CKRCRSAT	964303
W1458	M-CKRCRSGW	B2022.22619	W1458_B2022.22619_v1 : M-CKRCRSGW	967902
W2949	M-CKRTASRT	Z2022.8760	W2949_Z2022.8760_v1 : M-CKRTASRT	931825
W3138	M-CKRTGSR?	B2022.42959	W3138_B2022.42959_v1 : M-CKRTGSR?	974951
Y376	M-CKRTGSRA	B2023.5710	Y376_B2023.5710_v1 : M-CKRTGSRA	981161
W1327	M-CKRTGSRW	B2022.20692	W1327_B2022.20692_v1 : M-CKRTGSRW	451690
W2748	M-CKRYAGAT	B2022.40967	W2748_B2022.40967_v1 : M-CKRYAGAT	974220
Y570	M-CKRYAGGA	B2023.8086	Y570_B2023.8086_v1 : M-CKRYAGGA	981936
Y218	M-CKRYASA?	Z2023.307	Y218_Z2023.307_v1 : M-CKRYASA?	399812
Y135	M-CKRYASAT	Z2023.341	Y135_Z2023.341_v1 : M-CKRYASAT	979933
W1497	M-CKRYGSAT	B2022.23372	W1497a_B2022.23372_v1 : M-CKRYGSAT	968173
W3739	M-CKRYGSAW	B2022.54091	W3739_B2022.54091_v1 : M-CKRYGSAW	647140
W1248	M-CKRYGSGT	B2022.19177	W1248_B2022.19177A_v1 : M-CKRYGSGT	966695
E3422	M-CKRYRCAW	B2021.53469	E3422_B2021.53469_v1 : M-CKRYRCAW	953245
W3009	M-CKRYRCRW	B2022.43826	W3009_B2022.43826_v1 : M-CKRYRCRW	975251
E2932	M-CKRYRSGW	B2021.44748	E2932_B2021.44748_v1 : M-CKRYRSGW	950514
Y623	M-CKRYRSRW	B2023.8595	Y623_B2023.8595_v1 : M-CKRYRSRW	982169
W3717	M-CTACGGGT	B2022.54158	W3717_B2022.54158_v1 : M-CTACGGGT	978522
W3222	M-CTAYACGW	Z2022.9754	W3222_Z2022.9754_v1 : M-CTAYACGW	877956
W888	M-CTAYAGRT	B2022.14053	W888_B2022.14053_v1 : M-CTAYAGRT	217364
W3279	M-CTAYGCGW	B2022.47819	W3279_1_B2022.47819_v1 : M-CTAYGCGW	638406
E2710	M-CTAYRCG?	B2021.41349	E2710_B2021.41349_v1 : M-CTAYRCG?	949360
W735	M-CTGCASRA	B2022.11437	W735_B2022.11437_v1 : M-CTGCASRA	964088
Y42	M-CTGCGSRW	B2023.554	Y42_B2023.554C_v1 : M-CTGCGSRW	83795
W360	M-CTGYASRW	B2022.5602	W360_B2022.5602_v1 : M-CTGYASRW	955959
W1566	M-CTRTGS?T	B2022.24243	W1566_B2022.24243_v1 : M-CTRTGS?T	878581
W3526	M-CTRTRCAA	B2022.51078	W3526_B2022.51078_v1 : M-CTRTRCAA	976761
Y515	M-CTRTRCRA	B2023.7268	Y515_B2023.7268_v1 : M-CTRTRCRA	561714
W2512	M-CTRTRSAA	B2022.38073	W2512_B2022.38073_v1 : M-CTRTRSAA	973257
W3847	M-CTRYGCAW	B2022.55827	W3847a_B2022.55827_v1 : M-CTRYGCAW	979070
W1775	M-CTRYRCRT	B2022.27649	W1775_B2022.27649_v1 : M-CTRYRCRT	919771
W1416	M-CTRYRGAW	B2022.10544	W1416_B2022.10544_v1 : M-CTRYRGAW	963600
W116	M-CTRYRSGT	B2022.1990	W116_B2022.1990_v1 : M-CTRYRSGT	806371
Y539	M-KRY?GAW	B2023.7567	Y539_B2023.7567_v1 : M-KRY?GAW	981780
Y629	M-T??TRSAT	B2023.8712	Y629_B2023.8712_v1 : M-T??TRSAT	472516
Y573	M-T?AC?GAA	Z2023.1317	Y573_Z2023.1317_v1 : M-T?AC?GAA	981880
E381	M-T?GC?CGA	B2021.5414	E381_B2021.5414_v1 : M-T?GC?CGA	212770
W1312	M-T?GCRSAT	B2022.19987	W1312_B2022.19987_v1 : M-T?GCRSAT	966972
E3332	M-T?GT?SG?	B2021.52154	E3332wh_B2021.52154_v1 : M-T?GT?SG?	661365
E2915	M-T?GYRSRA	B2021.44562	E2915_B2021.44562_v1 : M-T?GYRSRA	950448
W1887	M-T?R?GSGA	B2022.29636	W1887_B2022.29636_v1 : M-T?R?GSGA	970339
E3302	M-T?RCGCRT	B2021.51895	E3302wh_B2021.51895_v1 : M-T?RCGCRT	952684
W1441	M-T?RCGSGA	B2022.22422	W1441_B2022.22422_v1 : M-T?RCGSGA	967831
E2290	M-T?RT?S?A	B2021.34538	E2290_B2021.34538_v1 : M-T?RT?S?A	946989
ZW038	M-T?RYACRT	B2022.426	ZW038wh_B2022.426_v1 : M-T?RYACRT	954305
W3565	M-T?RYASGW	B2022.52156	W3565_B2022.52156_v1 : M-T?RYASGW	650079
W117	M-TG??RCGW	B2022.1845	W117_B2022.1845_v1 : M-TG??RCGW	953632
E3101	M-TGAC?SRW	B2021.47909	E3101_B2021.47909_v1 : M-TGAC?SRW	951476
W1471	M-TGACACGT	B2022.22614	W1471_B2022.22614_v1 : M-TGACACGT	967901
E3182	M-TGACASRW	B2021.49423	E3182_B2021.49423_WH_v1 : M-TGACASRW	951920
W3901	M-TGACGCGA	B2022.56336	W3901_B2022.56336_v1 : M-TGACGCGA	950857
W1018	M-TGACRCRT	Z2022.3252	W1018_Z2022.3252_v1 : M-TGACRCRT	965448
Y73	M-TGACRGG?	B2023.1097	Y73_B2023.1097_v1 : M-TGACRGG?	979701
E3521	M-TGACRSGW	B2021.54957	E3521_B2021.54957_v1 : M-TGACRSGW	953736
W1243	M-TGAYAGAT	B2022.19411	W1243_B2022.19411_v1 : M-TGAYAGAT	966803
Y171	M-TGAYGSAW	B2023.2582	Y171_B2023.2582_v1 : M-TGAYGSAW	979412
W474	M-TGAYRCRT	B2022.7267	W474_B2022.7267_v1 : M-TGAYRCRT	387867
W411	M-TGAYRCRW	B2022.6694	W411_B2022.6694_v1 : M-TGAYRCRW	962444
W1595	M-TGG?GSRA	B2022.24815	W1595_B2022.24815_v1 : M-TGG?GSRA	968683
Y625	M-TGGCRCRW	B2023.7174	Y625_B2023.7174_v1 : M-TGGCRCRW	692761
E2985	M-TGGT?CRT	B2021.44634	E2985a_B2021.44634_v1 : M-TGGT?CRT	950476
ZW015	M-TGGTRCR?	B2022.98	ZW015_B2022.98_v1 : M-TGGTRCR?	885777
Y431	M-TGGTRGAT	B2023.3911	Y431_B2023.3911E_v1 : M-TGGTRGAT	980541
W2214	M-TGGYAGAW	Z2022.6506	W2214_Z2022.6506_v1 : M-TGGYAGAW	971784
W927	M-TGGYGG?W	B2022.14568	W927_B2022.14568_v1 : M-TGGYGG?W	965115
W3868	M-TGGYRCGT	B2022.55840	W3868_B2022.55840_v1 : M-TGGYRCGT	979100
E3135	M-TGGYRSAW	B2021.48400	E3135_B2021.48400_v1 : M-TGGYRSAW	951612
Y274	M-TGRCACAT	B2023.4393	Y274_B2023.4393_v1 : M-TGRCACAT	980702
W850	M-TGRCACGA	B2022.13045	W850_B2022.13045_v1 : M-TGRCACGA	964644
Y727	M-TGRCASAW	Z2023.1728	Y727_Z2023.1728_v1 : M-TGRCASAW	233825
W1124	M-TGRCASRA	J2022.1944	W1124wh_J2022.1944_v1 : M-TGRCASRA	965903
Y507	M-TGRCGCAW	B2023.5254	Y507_B2023.5254B_v1 : M-TGRCGCAW	865353
E643	M-TGRCGSRT	B2021.9627	E643_B2021.9627_v1 : M-TGRCGSRT	289380
E627	M-TGRCRCAA	B2021.6916	E627_B2021.6916_v1 : M-TGRCRCAA	238821
E3477	M-TGRCRSAW	B2021.54486	E3477_B2021.54486_v1 : M-TGRCRSAW	922960
W960	M-TGRTA??T	B2022.15295	W960_B2022.15295A_v1 : M-TGRTA??T	965339
W1975	M-TGRTASGW	K2022.1175	W1975_K2022.1175_v1 : M-TGRTASGW	970498
W1272	M-TGRTRSGA	B2022.18612	W1272_B2022.18612_v1 : M-TGRTRSGA	407641
W1269	M-TGRTRSGA	Z2022.1537	W1269_Z2022.1537_v1 : M-TGRTRSGA	407641
W1019	M-TGRTRSGW	Z2022.3163	W1019_Z2022.3163_v1 : M-TGRTRSGW	965613
W3762	M-TGRTRSR?	Z2022.10917	W3762_Z2022.10917_v1 : M-TGRTRSR?	723310
W897	M-TGRYASGW	B2022.14345	W897_B2022.14345_v1 : M-TGRYASGW	965050
W3176	M-TGRYASRW	B2022.45008	W3176_B2022.45008_v1 : M-TGRYASRW	975619
Y170	M-TGRYGCRA	B2023.2423	Y170_1_B2023.2423_v1 : M-TGRYGCRA	980083
W1898	M-TGRYGSAW	B2022.29259	W1898_B2022.29259_v1 : M-TGRYGSAW	970201
W3587	M-TGRYRCRT	B2022.52197	W3587_B2022.52197_v1 : M-TGRYRCRT	767638
W3500	M-TGRYRCRW	B2022.48419	W3500_B2022.48419E_v1 : M-TGRYRCRW	734082
W3024	M-TGRYRGRW	B2022.44227	W3024_B2022.44227_v1 : M-TGRYRGRW	975348
W2653	M-TGRYRSAT	B2022.39936	W2653_B2022.39936_v1 : M-TGRYRSAT	54246
W2800	M-TGRYRSRT	B2022.41543	W2800_B2022.41543_v1 : M-TGRYRSRT	974437
W2727	M-TGRYRSRT	K2022.1625	W2727_K2022.1625_v1 : M-TGRYRSRT	974095
W3184	M-TGRYRSRW	B2022.45312	W3184_B2022.45312_v1 : M-TGRYRSRW	703522
Y759	M-TGRYRSRW	B2023.10081	Y759_B2023.10081_v1 : M-TGRYRSRW	747631
W2697	M-TK?TRSGT	B2022.38835	W2697_B2022.38835_v1 : M-TK?TRSGT	882124
W1297	M-TKAC?GAA	B2022.20386	W1297_B2022.20386_v1 : M-TKAC?GAA	963429
W1474	M-TKACASAT	B2022.22627	W1474_B2022.22627_v1 : M-TKACASAT	967903
W983	M-TKACASGA	B2022.14402	W983_B2022.14402_v1 : M-TKACASGA	965064
W3148	M-TKACASRA	B2022.45792	W3148_B2022.45792_v1 : M-TKACASRA	422662
Y588	M-TKACGCGA	B2023.8420	Y588_B2023.8420_v1 : M-TKACGCGA	670358
Y417	M-TKACRCGW	B2023.5498	Y417_B2023.5498_v1 : M-TKACRCGW	715747
W803	M-TKACRGRW	B22.12397	W803_B22.12397_v1 : M-TKACRGRW	964397
W2515	M-TKACRSGT	B2022.38083	W2515_B2022.38083_v1 : M-TKACRSGT	973237
W2964	M-TKATRCAT	B2022.43030	W2964_B2022.43030_v1 : M-TKATRCAT	940031
W2768	M-TKATRCAW	B2022.41302	W2768_B2022.41302_v1 : M-TKATRCAW	974360
Y708	M-TKAYACAA	B2023.9526	Y708_1_B2023.9526_v1 : M-TKAYACAA	567691
W2784	M-TKAYASGT	B2022.41526	W2784_B2022.41526_v1 : M-TKAYASGT	954788
W178	M-TKAYGGRT	B2022.3056	W178_B2022.3056_v1 : M-TKAYGGRT	924120
Y04	M-TKAYGSGA	Z2022.11061	Y04_Z2022.11061_v1 : M-TKAYGSGA	979400
W1039	M-TKAYRC?A	B2022.16682	W1039_B2022.16682_v1 : M-TKAYRC?A	965856
Y221	M-TKAYRCGT	Z2023.113	Y221_Z2023.113_v1 : M-TKAYRCGT	980200
W1208	M-TKAYRCRT	B2022.18947	W1208_B2022.18947A_v1 : M-TKAYRCRT	966637
E2847	M-TKAYRSRW	B2021.43509	E2847_B2021.43509_WH_v1 : M-TKAYRSRW	950121
W3726	M-TKG?GSAW	B2022.53199	W3726_B2022.53199_v1 : M-TKG?GSAW	677581
W1581	M-TKGC?SGT	B2022.24798	W1581_B2022.24798_v1 : M-TKGC?SGT	968670
Y340	M-TKGCA?GA	B2023.5253	Y340_B2023.5253_v2 : M-TKGCA?GA	981024
W2661	M-TKGCGCGT	B2022.39964	W2661_B2022.39964_v1 : M-TKGCGCGT	973847
Y213	M-TKGCGSRT	B2023.3058	Y213_B2023.3058_v1 : M-TKGCGSRT	980296
W2610	M-TKGCRCRW	B2022.39070	W2610_B2022.39070_v1 : M-TKGCRCRW	619099
W2610	M-TKGCRCRW	B2022.39070	W2610_B2022.39070_v2 : M-TKGCRCRW	619099
W3541	M-TKGCRG?W	B2022.51577	W3541_B2022.51577_v1 : M-TKGCRG?W	977737
Y363	M-TKGCRSRA	B2023.5214	Y363_B2023.5214_v2 : M-TKGCRSRA	981000
W1349	M-TKGTACGW	B2022.21327	W1349_B2022.21327_v1 : M-TKGTACGW	967452
W2039	M-TKGTRSRA	B2022.31254	W2039_B2022.31254_v1 : M-TKGTRSRA	970946
W3566	M-TKGYACRW	B2022.52149	W3566_B2022.52149_v1 : M-TKGYACRW	977623
W3889	M-TKGYAS?W	Z2022.11519	W3889_Z2022.11519_v1 : M-TKGYAS?W	978981
W1845	M-TKGYASGA	B2022.29090	W1845_B2022.29090_v1 : M-TKGYASGA	719633
E3188	M-TKGYASR?	B2021.44422	E3188_B2021.44422_v1 : M-TKGYASR?	950393
W3651	M-TKGYG?GW	B2022.51546	W3651_B2022.51546I_v1 : M-TKGYG?GW	977729
W3395	M-TKGYGCGW	B2022.49631	W3395_B2022.49631_v1 : M-TKGYGCGW	977057
W1246	M-TKGYRGGT	B2022.19844	W1246_B2022.19844_v1 : M-TKGYRGGT	426399
E1392	M-TKGYRSRA	B2021.20858	E1392_B2021.20858_v1 : M-TKGYRSRA	941266
W2201	M-TKR?RCG?	B2022.33747	W2201_B2022.33747_v1 : M-TKR?RCG?	971768
W3079	M-TKRCACGA	B2022.44385	W3079_1_B2022.44385_v1 : M-TKRCACGA	975403
W1711	M-TKRCAGRT	B2022.26835	W1711_1_B2022.26835_v1 : M-TKRCAGRT	655518
W1190	M-TKRCASGA	B2022.18399	W1190_B2022.18399_v1 : M-TKRCASGA	966464
W440	M-TKRCASGA	B2022.3855	W440_B2022.3855_v2 : M-TKRCASGA	955436
Y525	M-TKRCGSAT	B2023.4975	Y525_B2023.4975_v1 : M-TKRCGSAT	980917
Y509	M-TKRCGSAW	Z2023.1049	Y509_Z2023.1049_v1 : M-TKRCGSAW	462931
Y568	M-TKRCGSRW	B2023.8093	Y568_B2023.8093_v1 : M-TKRCGSRW	962940
W3025	M-TKRCRCAT	B2022.44229	W3025_B2022.44229_v1 : M-TKRCRCAT	975351
W2662	M-TKRCRGRW	B2022.39973	W2662_B2022.39973_v1 : M-TKRCRGRW	973848
W3161	M-TKRCRSA?	Z2022.9135	W3161_Z2022.9135_v1 : M-TKRCRSA?	975930
W2234	M-TKRCRSAA	B2022.34131	W2234_B2022.34131_v1 : M-TKRCRSAA	971899
E3464	M-TKRCRSGT	B2021.54186	E3464wh_B2021.54186_v1 : M-TKRCRSGT	953498
W1442	M-TKRCRSGW	B2022.21892	W1442_B2022.21892_v1 : M-TKRCRSGW	967661
W2559	M-TKRCRSRT	B2022.38437	W2559_B2022.38437_v1 : M-TKRCRSRT	973375
Y666	M-TKRCRSRW	B2023.9109	Y666_B2023.9109_v1 : M-TKRCRSRW	488227
W3542	M-TKRTAGRA	B2022.51910	W3542_B2022.51910_v1 : M-TKRTAGRA	977811
W2682	M-TKRTGGRW	Z2022.7820	W2682_1_Z2022.7820_v1 : M-TKRTGGRW	973793
W1851	M-TKRTGSRW	B2022.29315	W1851wh_B2022.29315_merged : M-TKRTGSRW	904051
W1969	M-TKRTRGAW	Z2022.5219	W1969_Z2022.5219_v1 : M-TKRTRGAW	970647
W1400	M-TKRTRSRT	B2022.21889	W1400_B2022.21889_v1 : M-TKRTRSRT	967660
Y748	M-TKRYASRW	Z2023.1889	Y748_Z2023.1889_v1 : M-TKRYASRW	415235
W3164	M-TKRYGSAT	B2022.45976	W3164_B2022.45976_v1 : M-TKRYGSAT	975927
W1111	M-TKRYRCAW	B2022.17684	W1111wh_B2022.17684_v1 : M-TKRYRCAW	933428
E2032	M-TKRYRCGT	B2021.30295	E2032_B2021.30295_v1 : M-TKRYRCGT	940337
W3650	M-TKRYRGGT	B2022.53403	W3650_B2022.53403B_v1 : M-TKRYRGGT	978270
W188	M-TKRYRGGW	B2022.3272	W188_B2022.3272_v1 : M-TKRYRGGW	955234
W1348	M-TKRYRGRA	B2022.21361	W1348_B2022.21361_v1 : M-TKRYRGRA	873639
E3225	M-TKRYRSGA	K2021.2229	E3225_K2021.2229_v1 : M-TKRYRSGA	952090
E3351	M-TKRYRSGW	B2021.52542	E3351_B2021.52542_v1 : M-TKRYRSGW	952901
W3872	M-TKRYRSRT	B2022.56203	W3872_B2022.56203_v1 : M-TKRYRSRT	979248
Y679	M-TKRYRSRW	B2023.7534	Y679_B2023.7534_v1 : M-TKRYRSRW	981772
Y418	M-TT?CRCAW	Z2023.828	Y418_Z2023.828_merged : M-TT?CRCAW	981164
W1001	M-TT?CRCGA	Z2022.3161	W1001_Z2022.3161_v1 : M-TT?CRCGA	965446
W1255	M-TTA?GCRT	Z2022.4059	W1255_Z2022.4059_v1 : M-TTA?GCRT	678982
W3875	M-TTACGCG?	B2022.56162	W3875_B2022.56162A_v1 : M-TTACGCG?	979222
W663	M-TTACGGRW	B2022.10560	W663_B2022.10560_v1 : M-TTACGGRW	963435
E1798	M-TTACRCRW	B2021.27165	E1798_B2021.27165_v1 : M-TTACRCRW	647834
W2571	M-TTAY?GAW	Z2022.7811	W2571_Z2022.7811_v1 : M-TTAY?GAW	973226
Y209	M-TTAY?SRA	B2023.3319	Y209_B2023.3319_v1 : M-TTAY?SRA	980374
W865	M-TTAYACAW	K2022.392	W865_K2022.392_v1 : M-TTAYACAW	963439
E3183	M-TTAYASGA	B2021.49063	E3183_B2021.49063_v1 : M-TTAYASGA	951849
Y202	M-TTAYRCRW	B2023.2413	Y202_B2023.2413_v1 : M-TTAYRCRW	942063
W833	M-TTAYRGRW	B2022.12791	W833_B2022.12791_v1 : M-TTAYRGRW	928662
E516	M-TTGC?CG?	B2021.7797	E516_B2021.7797_v1 : M-TTGC?CG?	936565
W2086	M-TTGC?CRT	B2020.31903	W2086_B2020.31903_v1 : M-TTGC?CRT	930766
W1678	M-TTGCACGT	K2022.618	W1678_K2022.618_v1 : M-TTGCACGT	930715
E2652	M-TTGCAGRA	B2021.40644	E2652_B2021.40644_v1 : M-TTGCAGRA	919367
W255	M-TTGCASGW	K2022.91	W255_WH_K2022.91A_v1 : M-TTGCASGW	954968
W725	M-TTGCASRT	B2022.11438	W725_B2022.11438_v1 : M-TTGCASRT	964083
Y566	M-TTGCRS?T	B2023.6385	Y566_B2023.6385_v1 : M-TTGCRS?T	607569
W3659	M-TTGCRSAW	B2022.53442	W3659_B2022.53442_v1 : M-TTGCRSAW	978287
E2585	M-TTGCRSGW	B2021.38865	E2585_B2021.38865_v1 : M-TTGCRSGW	948541
W3610	M-TTGCRSRW	B2022.52673	W3610_B2022.52673_v1 : M-TTGCRSRW	NA
W3922	M-TTGTGGAA	Z2022.11567	W3922_Z2022.11567_v1 : M-TTGTGGAA	664651
Y669	M-TTGTRGGT	B2023.8614	Y669_B2023.8614C_v1 : M-TTGTRGGT	396924
W273	M-TTGTRGGW	Z2022.744	W273_Z2022.744_v1 : M-TTGTRGGW	955524
Y732	M-TTGTRSAW	B2023.9138	Y732_B2023.9138_v1 : M-TTGTRSAW	982418
E1652	M-TTGYACGT	B2021.24529	E1652_B2021.24529_v1 : M-TTGYACGT	901414
W3638	M-TTGYASGT	B2022.52855	W3638_B2022.52855_v1 : M-TTGYASGT	978099
W1478	M-TTGYGCRW	B2022.22985	W1478_B2022.22985_v2 : M-TTGYGCRW	955289
W697	M-TTGYGCRW	Z2022.2330	W697_Z2022.2330_v1 : M-TTGYGCRW	955289
W2926	M-TTGYGGGW	B2022.42887	W2926_B2022.42887_v1 : M-TTGYGGGW	974907
Y624	M-TTGYRC?W	B2023.8670	Y624_B2023.8670_v1 : M-TTGYRC?W	917945
W2237	M-TTGYRGAA	Z2022.6502	W2237_Z2022.6502_v1 : M-TTGYRGAA	971705
E2848	M-TTGYRGGW	Z2021.9572	E2848_Z2021.9572_v1 : M-TTGYRGGW	643071
W3643	M-TTGYRSAA	B2022.52850	W3643a_B2022.52850_v1 : M-TTGYRSAA	973840
W1372	M-TTGYRSAT	B2022.20691	W1372_B2022.20691A_v2 : M-TTGYRSAT	967221
Z2367	M-TTGYRSGT	B2020.40486	Z2367_B2020.40486_v1 : M-TTGYRSGT	930175
E2774	M-TTGYRSRA	B2021.42662	E2774_B2021.42662_v1 : M-TTGYRSRA	936687
E368	M-TTGYRSRW	B2021.5359	E368_B2021.5359_v1 : M-TTGYRSRW	827640
W1798	M-TTGYRSRW	K2022.209	W1798_K2022.209_v1 : M-TTGYRSRW	822660
W3604	M-TTRC?CRW	B2022.49912	W3604_B2022.49912_v1 : M-TTRC?CRW	977172
Y558	M-TTRCAGRA	W2023.2232	Y558wh_W2023.2232_v1 : M-TTRCAGRA	NA
W3738	M-TTRCAGRT	B2022.54442	W3738_B2022.54442_v1 : M-TTRCAGRT	978616
W2574	M-TTRCGGGT	B2022.38605	W2574_B2022.38605_v1 : M-TTRCGGGT	973424
Y482	M-TTRCGGGW	B2023.6841	Y482_B2023.6841_v1 : M-TTRCGGGW	99522
W1914	M-TTRCGS?W	B2022.30199	W1914_1_B2022.30199_v1 : M-TTRCGS?W	970574
W2109	M-TTRCRCGA	B2022.32636	W2109_B2022.32636_v1 : M-TTRCRCGA	545891
W1357	M-TTRCRGGW	B2022.21323	W1357_B2022.21323_v1 : M-TTRCRGGW	967450
Y292	M-TTRTGCGA	B2023.1922	Y292_B2023.1922A_v1 : M-TTRTGCGA	979912
W1195	M-TTRTGGRW	B2022.18942	W1195_B2022.18942_v1 : M-TTRTGGRW	966630
E2108	M-TTRTRSRA	B2021.31207	E2108_wh_B2021.31207_v1 : M-TTRTRSRA	944947
W3803	M-TTRYACGW	B2022.55488	W3803_B2022.55488B_v1 : M-TTRYACGW	516853
E3522	M-TTRYGCAW	B2021.54878	E3522_B2021.54878_v1 : M-TTRYGCAW	888729
W2581	M-TTRYGSRA	B2022.38632	W2581_B2022.38632_v1 : M-TTRYGSRA	969082
Y589	M-TTRYR?GT	B2023.8343	Y589_B2023.8343_v1 : M-TTRYR?GT	622616
E1826	M-TTRYRSAA	B2021.23904	E1826_B2021.23904_v1 : M-TTRYRSAA	942383
W2502	M-TTRYRSRW	B2022.37717	W2502_B2022.37717_v1 : M-TTRYRSRW	973137
E2457	M-Y??TRSRA	B2021.37788	E2457WH_B2021.37788_v1 : M-Y??TRSRA	948121
W3902	M-Y?AC?SRA	B2022.56309	W3902_2_WH_B2022.56309_v1 : M-Y?AC?SRA	907281
E3311	M-Y?ACAGRW	B2021.51598	E3311wh_B2021.51598_v1 : M-Y?ACAGRW	952597
E3276	M-Y?ACGC?A	Z2021.11087	E3276_Z2021.11087_v1 : M-Y?ACGC?A	952383
ZW035	M-Y?AYR?R?	B2022.193	ZW035_B2022.193_v2 : M-Y?AYR?R?	954242
E3604	M-Y?GC?GA?	B2021.55934	E3604_B2021.55934_v1 : M-Y?GC?GA?	921543
W121	M-Y?GYACRT	K2022.3	W121_K2022.3_v2 : M-Y?GYACRT	642672
W2822	M-Y?GYGGAW	B2022.42060	W2822_1_B2022.42060_v1 : M-Y?GYGGAW	974601
W3678	M-Y?R?GAA	K2022.2129	W3678_1_K2022.2129A_v1 : M-Y?R?GAA	978280
W3247	M-Y?RCAGR?	B2022.46640	W3247_B2022.46640_v1 : M-Y?RCAGR?	976081
E3189	M-Y?RCGCRT	B2021.48189	E3189_B2021.48189_v1 : M-Y?RCGCRT	951540
W2151	M-Y?RYRCG?	B2022.33109	W2151a_B2022.33109_v1 : M-Y?RYRCG?	971564
E3361	M-Y?RYRCRA	B2021.52306	E3361_B2021.52306_v1 : M-Y?RYRCRA	952830
W1812	M-YATGS?W	B2022.28416	W1812_B2022.28416_v1 : M-YATGS?W	969880
Y90	M-YGAC??GT	B2023.1645	Y90_B2023.1645_v1 : M-YGAC??GT	967935
W3897	M-YGACGGRT	Z2022.11056	W3897_Z2022.11056_v1 : M-YGACGGRT	979299
Y251	M-YGACGSRA	B2023.3794	Y251_B2023.3794B_v1 : M-YGACGSRA	980527
W2179	M-YGACRGRA	B2022.33509	W2179_B2022.33509_v1 : M-YGACRGRA	895579
E1420	M-YGACRSAW	B2021.20819	E1420_B2021.20819_v1 : M-YGACRSAW	941238
E3127	M-YGATACAW	B2021.47700	E3127_B2021.47700_v1 : M-YGATACAW	951380
W2221	M-YGATGGRT	B2022.33771	W2221_B2022.33771_v2 : M-YGATGGRT	971777
Y592	M-YGATRCRA	B2023.5664	Y592_B2023.5664_v1 : M-YGATRCRA	981144
W3579	M-YGATRSRA	B2022.52413	W3579_B2022.52413_v2 : M-YGATRSRA	808162
E1469	M-YGAYGGRA	B2021.19261	E1469_B2021.19261_v1 : M-YGAYGGRA	927548
W1761	M-YGAYRCAW	B2022.27705	W1761_B2022.27705_v1 : M-YGAYRCAW	910775
E2421	M-YGAYRGRA	B2021.36918	E2421_B2021.36918_v1 : M-YGAYRGRA	947854
W1276	M-YGAYRGRW	B2022.19081	W1276_B2022.19081_OCCRA_DNA_v1 : M-YGAYRGRW	932313
W3910	M-YGAYRSAA	B2022.56428	W3910_B2022.56428_v1 : M-YGAYRSAA	979359
E3056	M-YGAYRSAW	B2021.46663	E3056a_B2021.46663_v1 : M-YGAYRSAW	912035
W3569	M-YGAYRSAW	B2022.51994	W3569_B2022.51994_v1 : M-YGAYRSAW	912035
W356	M-YGAYRSAW	B2022.5973	W356_B2022.5973_v1 : M-YGAYRSAW	935934
E364	M-YGAYRSGT	B2021.5092	E364_B2021.5092_v1 : M-YGAYRSGT	619934
W3687	M-YGGCA?AW	B2022.53178	W3687_pool1_B2022.53178_v1 : M-YGGCA?AW	899787
E3306	M-YGGCAGGW	Z2021.11094	E3306_Z2021.11094_v1 : M-YGGCAGGW	952608
W1804	M-YGGCGGAW	B2022.28608	W1804_B2022.28608_v1 : M-YGGCGGAW	969959
W2797	M-YGGCGSGW	B2022.41780	W2797_B2022.41780_v1 : M-YGGCGSGW	974527
E1467	M-YGGCRCAW	B2021.21917	E1467_B2021.21917_v1 : M-YGGCRCAW	511874
Y94	M-YGGTAGRT	B2023.960	Y94_B2023.960_v1 : M-YGGTAGRT	709884
W2198	M-YGGTGSAT	B2022.33763	W2198_B2022.33763_merged : M-YGGTGSAT	971778
W3909	M-YGGTGSAT	B2022.56429	W3909_B2022.56429_v1 : M-YGGTGSAT	979358
W2520	M-YGGTGSG?	B2022.35181	W2520_B2022.35181_v1 : M-YGGTGSG?	972256
E3206	M-YGGTRSAT	Z2021.11072	E3206_Z2021.11072_v1 : M-YGGTRSAT	950740
W566	M-YGGTRSRA	B2022.9094	W566_B2022.9094_wh_v1 : M-YGGTRSRA	942826
W3303	M-YGGY??GW	B2022.48496	W3303_1_B2022.48496_v1 : M-YGGY??GW	976683
W668	M-YGGYACAW	B2022.10584	W668_B2022.10584_v1 : M-YGGYACAW	953648
W3670	M-YGGYACGW	K2022.2116	W3670_K2022.2116_v1 : M-YGGYACGW	978117
W2094	M-YGGYACRA	B2022.32388	W2094_B2022.32388_v1 : M-YGGYACRA	937450
E371	M-YGGYASAA	B2021.5435	E371_B2021.5435_v1 : M-YGGYASAA	935657
E3424	M-YGGYGSGT	B2021.53466	E3424_B2021.53466_v1 : M-YGGYGSGT	953257
E3091	M-YGGYGSRA	B2021.47471	E3091_B2021.47471_v1 : M-YGGYGSRA	951314
W1822	M-YGGYGSRT	B2022.28875	W1822_B2022.28875_v1 : M-YGGYGSRT	970047
W3419	M-YGGYRGRT	B2022.49122	W3419_B2022.49122_v1 : M-YGGYRGRT	976890
W3514	M-YGRC??GT	B2022.51338	W3514_B2022.51338_v1 : M-YGRC??GT	977632
W1903	M-YGRCACGA	B2022.29411	W1903_B2022.29411_v1 : M-YGRCACGA	654748
W545	M-YGRCACRT	B2022.8334	W545_B2022.8334_wh_v1 : M-YGRCACRT	963028
W2646	M-YGRCACRW	B2022.39557	W2646_B2022.39557_v1 : M-YGRCACRW	973310
E1978	M-YGRCGCRW	B2021.29399	E1978_B2021.29399_v1 : M-YGRCGCRW	90020
W387	M-YGRCRCGW	B2022.6397	W387_B2022.6397_v1 : M-YGRCRCGW	953812
W3373	M-YGRCRGGT	B2022.49465	W3373_B2022.49465_v1 : M-YGRCRGGT	976820
E2194	M-YGRCRGRA	B2021.32636	E2194_B2021.32636_v1 : M-YGRCRGRA	691759
W937	M-YGRCRSGW	K2022.450	W937_K2022.450A_v1 : M-YGRCRSGW	963947
E2337	M-YGRCRSRT	K2021.1608	E2337_K2021.1608A_v1 : M-YGRCRSRT	947039
Y499	M-YGRCRSRT	Z2023.834	Y499_pool1_Z2023.834_v1 : M-YGRCRSRT	981313
W445	M-YGRTRCRT	B2022.7153	W445_B2022.7153_v1 : M-YGRTRCRT	962642
W2167	M-YGRTRGAA	B2022.33110	W2167_B2022.33110_v2 : M-YGRTRGAA	971566
Z2138	M-YGRY?CRW	B2020.36992	Z2138_B2020.36992_v1 : M-YGRY?CRW	671997
W435	M-YGRYAGRW	B2022.7021	W435_B2022.7021_v1 : M-YGRYAGRW	962577
E3194	M-YGRYASGW	B2021.49422	E3194_B2021.49422_WH_v1 : M-YGRYASGW	858526
Y442	M-YGRYGCGW	B2023.6296	Y442_B2023.6296_v1 : M-YGRYGCGW	976370
W2679	M-YGRYGSAW	B2022.40225	W2679_1_B2022.40225_v1 : M-YGRYGSAW	973942
W3734	M-YGRYGSRW	B2022.54455	W3734_B2022.54455_v1 : M-YGRYGSRW	978628
W2852	M-YK?CASRA	B2022.42344	W2852_B2022.42344_v1 : M-YK?CASRA	974713
W2393	M-YK?CRCGT	B2022.35835	W2393_B2022.35835_v1 : M-YK?CRCGT	972444
W3156	M-YK?CRSGT	B2022.45978	W3156_B2022.45978_v1 : M-YK?CRSGT	975928
W2233	M-YKA?RSRT	B2022.34130	W2233_B2022.34130_v1 : M-YKA?RSRT	971901
W1986	M-YKACRCAW	Z2022.5513	W1986_Z2022.5513_v1 : M-YKACRCAW	267179
W690	M-YKACRGRA	B2022.10326	W690_B2022.10326_v1 : M-YKACRGRA	963756
Y12	M-YKACRSRT	B2022.54547	Y12_B2022.54547_v1 : M-YKACRSRT	703972
W181	M-YKATACRW	B2022.3103	W181WH_B2022.3103_v1 : M-YKATACRW	955190
Y678	M-YKATRGRW	B2023.9266	Y678_B2023.9266_v1 : M-YKATRGRW	405101
W3112	M-YKAYACAW	B2022.45201	W3112_B2022.45201_v2 : M-YKAYACAW	975706
W1198	M-YKAYACGW	B2022.18941	W1198_B2022.18941_v1 : M-YKAYACGW	966624
E684	M-YKAYACRW	B2021.8690	E684_B2021.8690_v1 : M-YKAYACRW	889368
W1797	M-YKAYASGW	K2016.1561	W1797a_K2016.1561_v1 : M-YKAYASGW	955880
W2663	M-YKAYGCRW	B2022.39974	W2663_B2022.39974_v1 : M-YKAYGCRW	973220
W2268	M-YKAYGSR?	B2022.34563	W2268_B2022.34563_v1 : M-YKAYGSR?	962525
W1358	M-YKAYGSRA	B2022.21326	W1358_B2022.21326_v1 : M-YKAYGSRA	967451
E2964	M-YKAYRCGT	B2021.45248	E2964_B2021.45248_v1 : M-YKAYRCGT	950656
W1159	M-YKAYRGGA	B2022.18379	W1159_B2022.18379_v1 : M-YKAYRGGA	570237
W2837	M-YKAYRSAW	B2022.42259	W2837_B2022.42259_v1 : M-YKAYRSAW	895506
W1533	M-YKAYRSGW	B2022.21994	W1533_B2022.21994_v1 : M-YKAYRSGW	953554
W2985	M-YKAYRSRA	B2022.43213	W2985_B2022.43213_v1 : M-YKAYRSRA	975076
W2820	M-YKAYRSRT	B2022.42049	W2820_B2022.42049_v1 : M-YKAYRSRT	974592
W3906	M-YKGC?CGT	B2022.56448	W3906_1_B2022.56448_v1 : M-YKGC?CGT	723486
E377	M-YKGCAGRT	B2021.3351	E377_B2021.3351_v1 : M-YKGCAGRT	714063
W1779	M-YKGTRCRA	B2022.27411	W1779_B2022.27411 B_v1 : M-YKGTRCRA	969282
W1844	M-YKGTRSGW	B2022.28848	W1844_B2022.28848_v1 : M-YKGTRSGW	970037
W1930	M-YKGTRSRW	B2022.27727	W1930_B2022.27727A_v1 : M-YKGTRSRW	969679
Y415	M-YKGYASAW	B2023.2173	Y415_B2023.2173_v1 : M-YKGYASAW	979968
W526	M-YKGYASG?	B2022.7027	W526_B2022.7027_v1 : M-YKGYASG?	955623
Y167	M-YKGYASRT	B2023.2422	Y167_B2023.2422_v1 : M-YKGYASRT	913588
E1687	M-YKGYGCGT	B2021.24047	E1687_B2021.24047_v1 : M-YKGYGCGT	942436
Y710	M-YKGYGGRT	B2023.8122	Y710_B2023.8122B_v1 : M-YKGYGGRT	965685
W334	M-YKGYGGRW	B2022.5313	W334_B2022.5313_v1 : M-YKGYGGRW	911151
W1250	M-YKGYRCGT	B2022.20017	W1250_B2022.20017_v1 : M-YKGYRCGT	963195
W3400	M-YKGYRGRW	K2022.1996	W3400_K2022.1996_v1 : M-YKGYRGRW	977144
E1458	M-YKGYRS?A	B2021.18262	E1458_B2021.18262_v1 : M-YKGYRS?A	940297
E1120	M-YKGYRSAW	B2021.16630	E1120_B2021.16630_v1 : M-YKGYRSAW	939702
W3849	M-YKR?GCRT	B2022.56030	W3849a_B2022.56030_v1 : M-YKR?GCRT	979166
W2734	M-YKR?RSAA	B2022.41020	W2734_B2022.41020_v1 : M-YKR?RSAA	974235
E941	M-YKRCAGAT	B2021.13840	E941_B2021.13840_v1 : M-YKRCAGAT	938664
W2235	M-YKRCASRW	B2022.34120	W2235_B2022.34120_v1 : M-YKRCASRW	971895
W1338	M-YKRCGCRW	B2022.20709	W1338_B2022.20709_v1 : M-YKRCGCRW	967367
E3509	M-YKRCGS?W	B2021.53743	E3509a_B2021.53743_v1 : M-YKRCGS?W	953349
W3473	M-YKRCGSAA	B2022.50540	W3473_B2022.50540_v1 : M-YKRCGSAA	976606
W2568	M-YKRCRCAW	B2022.37330	W2568_B2022.37330G_v1 : M-YKRCRCAW	973012
E2755	M-YKRCRGAA	B2021.41179	E2755_B2021.41179_v1 : M-YKRCRGAA	793483
W1645	M-YKRCRGG?	B2022.25718	W1645_2_B2022.25718_v1 : M-YKRCRGG?	161388
E3328	M-YKRCRSAA	B2021.51996	E3328wh_B2021.51996_v1 : M-YKRCRSAA	281712
W3039	M-YKRCRSGT	B2022.44382	W3039_B2022.44382_v1 : M-YKRCRSGT	975420
E3310	M-YKRCRSRA	B2021.51596	E3310wh_B2021.51596_v1 : M-YKRCRSRA	952592
W1805	M-YKRCRSRW	B2022.28609	W1805_B2022.28609_v1 : M-YKRCRSRW	926513
W3920	M-YKRT?GGA	B2022.56532	W3920_B2022.56532_v1 : M-YKRT?GGA	979389
Y506	M-YKRTACAW	B2023.4403	Y506_B2023.4403_v1 : M-YKRTACAW	732691
E2536	M-YKRTAGRW	B2021.38630	E2536_B2021.38630_v1 : M-YKRTAGRW	948429
W2513	M-YKRTAGRW	B2022.38092	W2513_B2022.38092_v1 : M-YKRTAGRW	968594
E3354	M-YKRTASAA	B2021.52499	E3354_B2021.52499_v1 : M-YKRTASAA	742068
Y238	M-YKRTASGW	Z2023.117	Y238_Z2023.117_v1 : M-YKRTASGW	980375
W82	M-YKRTGSAW	Z2022.230	W82b_Z2022.230_v1 : M-YKRTGSAW	NA
W1710	M-YKRTGSRT	B2022.26946	W1710_B2022.26946_v1 : M-YKRTGSRT	930052
E3504	M-YKRTGSRW	B2021.54853	E3504_B2021.54853_v1 : M-YKRTGSRW	857501
Z2060	M-YKRTRCGT	B2020.35564	Z2060_B2020.35564_v1 : M-YKRTRCGT	860134
Y439	M-YKRTRSRT	B2023.6371	Y439_B2023.6371_v1 : M-YKRTRSRT	981381
W3051	M-YKRY?SGA	Z2022.9243	W3051_Z2022.9243_v1 : M-YKRY?SGA	975324
W1314	M-YKRYACAW	B2022.20643	W1314a_B2022.20643_v1 : M-YKRYACAW	963031
W1194	M-YKRYACGA	B2022.18945	W1194_B2022.18945_v1 : M-YKRYACGA	966636
E2843	M-YKRYASAW	B2021.43453	E2843_B2021.43453_WH_v1 : M-YKRYASAW	949071
W1733	M-YKRYGCGT	B2022.27419	W1733_B2022.27419_v1 : M-YKRYGCGT	969574
Y538	M-YKRYGCRT	B2023.7419	Y538_B2023.7419_v1 : M-YKRYGCRT	596623
E1810	M-YKRYGGGT	B2021.27137	E1810_B2021.27137_v1 : M-YKRYGGGT	943417
W1210	M-YKRYGSGW	B2022.18950	W1210_B2022.18950_v1 : M-YKRYGSGW	111367
E3338	M-YKRYGSGW	Z2021.9399	E3338_Z2021.9399_v1 : M-YKRYGSGW	526605
W1347	M-YKRYGSRW	B2022.21322	W1347_B2022.21322_v1 : M-YKRYGSRW	967446
W2605	M-YKRYR?GT	B2022.39108	W2605_B2022.39108_v1 : M-YKRYR?GT	973572
W1684	M-YKRYRCGA	B2022.26623	W1684_B2022.26623_v1 : M-YKRYRCGA	969252
Y567	M-YKRYRCRA	K2023.264	Y567_K2023.264_v1 : M-YKRYRCRA	727087
E2116	M-YKRYRGG?	Z2021.6620	E2116_Z2021.6620_v1 : M-YKRYRGG?	944821
Y181	M-YKRYRGGW	B2023.3066	Y181_B2023.3066_v1 : M-YKRYRGGW	979197
W2717	M-YKRYRGRA	B2022.40596	W2717_B2022.40596B_v1 : M-YKRYRGRA	635269
W3625	M-YKRYRGRT	Z2022.10163	W3625_Z2022.10163_v1 : M-YKRYRGRT	403548
W2139	M-YKRYRSGT	Z2022.6499	W2139_Z2022.6499_v1 : M-YKRYRSGT	971483
E2733	M-YKRYRSRT	B2021.42070	E2733_B2021.42070_v1 : M-YKRYRSRT	949609
E3463	M-YKRYRSRT	B2021.53922	E3463_B2021.53922_v1 : M-YKRYRSRT	936003
E1498	M-YKRYRSRW	B2021.22493	E1498_B2021.22493_v1 : M-YKRYRSRW	941826
W1282	M-YKRYRSRW	B2022.20077	W1282_B2022.20077_v1 : M-YKRYRSRW	942378
W1374	M-YKRYRSRW	B2022.21510	W1374_B2022.21510_v1_IST_W1282 : M-YKRYRSRW	232528
W2528	M-YKRYRSRW	K2022.1453	W2528_K2022.1453B_v1 : M-YKRYRSRW	972791
W2439	M-YTACASGW	B2022.36706	W2439_B2022.36706_v1 : M-YTACASGW	972797
W416	M-YTACGGAT	J2022.284	W416_J2022.284_v1 : M-YTACGGAT	880885
W3457	M-YTACRSAT	B2022.50531	W3457_1_B2022.50531_v1 : M-YTACRSAT	977384
W1233	M-YTATGSAW	B2022.18952	W1233_B2022.18952_v1 : M-YTATGSAW	966638
W522	M-YTAYACGT	B2022.8021	W522_B2022.8021_v1 : M-YTAYACGT	954063
W094	M-YTAYAGAW	B2022.617	W094_B2022.617_v1 : M-YTAYAGAW	841469
Y593	M-YTAYAGRT	B2023.7121	Y593_B2023.7121C_v1 : M-YTAYAGRT	259784
W2119	M-YTAYRCGW	B2022.32385	W2119_1_B2022.32385_v1 : M-YTAYRCGW	971372
W2030	M-YTAYRGGA	B2022.31651	W2030_B2022.31651_v1 : M-YTAYRGGA	971083
W2026	M-YTAYRGGA	Z2022.5224	W2026_Z2022.5224_v2 : M-YTAYRGGA	970955
E2239	M-YTAYRSRA	B2021.33485	E2239_B2021.33485_v1 : M-YTAYRSRA	925717
W1662	M-YTG?ACRW	B2022.24842	W1662_WH_B2022.24842_v1 : M-YTG?ACRW	411536
W2358	M-YTGCRCRT	B2022.35954	W2358_B2022.35954_v1 : M-YTGCRCRT	972580
W3128	M-YTGCRCRW	B2022.44540	W3128_B2022.44540_v2 : M-YTGCRCRW	939320
W2456	M-YTGCRGAA	B2022.36976	W2456_B2022.36976_v1 : M-YTGCRGAA	972921
W2187	M-YTGCRSGT	K2022.1319	W2187_K2022.1319_v1 : M-YTGCRSGT	971690
W2674	M-YTGTGSRA	K2022.1591	W2674_K2022.1591_v2 : M-YTGTGSRA	973778
W1987	M-YTGTRCAT	Z2022.5220	W1987_Z2022.5220_v1 : M-YTGTRCAT	970701
W1381	M-YTGTRSAW	B2022.21320	W1381_B2022.21320 A_v1 : M-YTGTRSAW	967441
Y441	M-YTGYACRA	B2023.6379	Y441_B2023.6379_v1 : M-YTGYACRA	981385
W1619	M-YTGYASRT	B2022.25408	W1619_B2022.25408_v1 : M-YTGYASRT	968848
W2832	M-YTGYGCRA	B2022.42153	W2832a_WH_B2022.42153_v1 : M-YTGYGCRA	645096
W456	M-YTGYGCRW	B2022.7282	W456_B2022.7282_v1 : M-YTGYGCRW	920064
W367	M-YTGYGGRT	B2022.6184	W367_B2022.6184_v1 : M-YTGYGGRT	956147
W1564	M-YTGYGSGW	B2022.24265	W1564_B2022.24265_v1 : M-YTGYGSGW	965324
E926	M-YTGYGSRA	B2021.13669	E926_B2021.13669 : M-YTGYGSRA	937269
E3199	M-YTGYRCRT	Z2021.11081	E3199_wh_Z2021.11081_v1 : M-YTGYRCRT	937512
Y248	M-YTGYRSGT	B2023.4150	Y248_B2023.4150_v1 : M-YTGYRSGT	980588
W3095	M-YTGYRSGW	B2022.45010	W3095_B2022.45010_v1 : M-YTGYRSGW	975618
W2943	M-YTRCA?GW	Z2022.8307	W2943_Z2022.8307_v1 : M-YTRCA?GW	884041
W1759	M-YTRCRS?T	Z2022.5206	W1759_Z2022.5206_v1 : M-YTRCRS?T	969642
E375	M-YTRCRSGT	B2021.5437	E375_B2021.5437_v1 : M-YTRCRSGT	935651
W1745	M-YTRCRSGT	B2022.27171	W1745_B2022.27171_v1 : M-YTRCRSGT	969171
W982	M-YTRCRSGW	B2022.14409	W982_B2022.14409_v1 : M-YTRCRSGW	537375
W2236	M-YTRCRSRW	B2022.33896	W2236_B2022.33896_v1 : M-YTRCRSRW	153812
W2606	M-YTRCRSRW	B2022.39107	W2606_B2022.39107_v1 : M-YTRCRSRW	973570
E1833	M-YTRTGSRW	K2021.1307	E1833_K2021.1307_v1 : M-YTRTGSRW	943579
W3720	M-YTRTRGAW	B2022.54425	W3720_B2022.54425_v1 : M-YTRTRGAW	978614
W2648	M-YTRYGCGA	B2022.39779	W2648_B2022.39779_v1 : M-YTRYGCGA	937564
E3376	M-YTRYGCRA	B2021.52717	E3376_B2021.52717_v1 : M-YTRYGCRA	463400
W942	M-YTRYRGAT	B2022.14762	W942_B2022.14762_v1 : M-YTRYRGAT	965198
E3292	M-YTRYRGGW	B2021.50229	E3292_B2021.50229_v1 : M-YTRYRGGW	952122
W1834	M-YTRYRGGW	B2022.28872	W1834_B2022.28872_v1 : M-YTRYRGGW	758562
W1672	M-YTRYRGRA	B2022.25874	W1672_B2022.25874_v1 : M-YTRYRGRA	969001
W713	M-YTRYRGRT	B2022.11200	W713_B2022.11200 A_B_v1 : M-YTRYRGRT	718366
W555	M-YTRYRS?A	B2022.8598	W555_B2022.8598_wh_v1 : M-YTRYRS?A	963090
W2274	M-YTRYRSGA	B2022.34529	W2274_B2022.34529_v1 : M-YTRYRSGA	971533
W2655	M-YTRYRSRW	B2033.39221	W2655_B2033.39221C_v1 : M-YTRYRSRW	859223
W1762	N/A	B2022.27716	W1762_1_3_B2022.27716_v1 : N/A	939338
W2296	N/A	B2022.35186	W2296_1_B2022.35186_v1 : N/A	972135
W2595	N/A	B2022.38848	W2595_1_B2022.38848_v1 : N/A	973495
W2705	N/A	B2022.40365	W2705_1_B2022.40365_v1 : N/A	971817
W2810	N/A	B2022.42052	W2810_1_B2022.42052_v1 : N/A	653733
W2920	N/A	K2022.1625	W2920_1_K2022.1625_v1 : N/A	974095
W2928	N/A	B2022.41482	W2928_1_3_B2022.41482_v1 : N/A	88410
E773	N/A	B2021.11426	E773_B2021.11426_TMB_v1 : N/A	41609
E3002	N/A	B2021.45479	E3002_B2021.45479_v2 : N/A	950741
E3020	N/A	B2021.46493	E3020_B2021.46493_v1 : N/A	951034
W731	N/A	B2022.10835	W731_B2022.10835D_v1 : N/A	946740
W776	N/A	B2022.11925	W776_B2022.11925_v1 : N/A	964010
W870	N/A	B2022.13652	W870_B2022.13652_v1 : N/A	964792
W1221	N/A	B2022.16575	W1221_B2022.16575_v1 : N/A	852105
W1254	N/A	B2022.17095	W1254_B2022.17095_v1 : N/A	938061
W1240	N/A	B2022.17189	W1240_B2022.17189_v1 : N/A	966036
W1253	N/A	B2022.19999	W1253_B2022.19999_v1 : N/A	939338
W118	N/A	B2022.2007	W118_B2022.2007_v1 : N/A	942434
W3504	N/A	B2022.2007	W3504_B2022.2007_v1 : N/A	942434
W1293	N/A	B2022.20376	W1293_B2022.20376_v1 : N/A	97286
W1568	N/A	B2022.23498	W1568_B2022.23498B_v1 : N/A	615254
W1548	N/A	B2022.23572	W1548_B2022.23572_v1 : N/A	968256
W1598	N/A	B2022.24809	W1598_B2022.24809_v2 : N/A	968674
W1607	N/A	B2022.25018	W1607_B2022.25018_v2 : N/A	965841
W2068	N/A	B2022.31001	W2068_B2022.31001_v1 : N/A	129037
W2205	N/A	B2022.33697	W2205_B2022.33697_v1 : N/A	698281
W2229	N/A	B2022.34128	W2229_B2022.34128_v1 : N/A	971906
W2321	N/A	B2022.35402	W2321_B2022.35402_v1 : N/A	915925
W2365	N/A	B2022.36118	W2365_B2022.36118_v1 : N/A	215489
W2479	N/A	B2022.37365	W2479_B2022.37365_v1 : N/A	973014
W2586	N/A	B2022.38912	W2586_B2022.38912_v1 : N/A	973149
W2591	N/A	B2022.38965	W2591_B2022.38965_v1 : N/A	973309
W2628	N/A	B2022.39320	W2628_B2022.39320_v1 : N/A	973649
W2856	N/A	B2022.40223	W2856_B2022.40223_v1 : N/A	973941
W2714	N/A	B2022.40883	W2714_B2022.40883_v1 : N/A	699880
W2755	N/A	B2022.41146	W2755_B2022.41146_v1 : N/A	974308
W2758	N/A	B2022.41238	W2758_B2022.41238_v1 : N/A	939864
W2819	N/A	B2022.41877	W2819_B2022.41877_v1 : N/A	674112
W3106	N/A	B2022.42344	W3106_B2022.42344_v2 : N/A	974713
W2933	N/A	B2022.43019	W2933_B2022.43019_v1 : N/A	974980
W2965	N/A	B2022.43182	W2965_B2022.43182_v1 : N/A	975059
W270	N/A	B2022.4384	W270_B2022.4384_v1 : N/A	923498
W3831	N/A	B2022.51546	W3831_B2022.51546I_v1 : N/A	977729
W3615	N/A	B2022.52900	W3615_B2022.52900_v1 : N/A	978136
W3832	N/A	B2022.53438	W3832_B2022.53438_v1 : N/A	978298
W3841	N/A	B2022.55288	W3841_B2022.55288_v1 : N/A	248565
W3919	N/A	B2022.56514	W3919_B2022.56514_v1 : N/A	979384
W532	N/A	B2022.7191	W532_B2022.7191_v1 : N/A	948921
W504	N/A	B2022.7284	W504_B2022.7284_v1 : N/A	939338
W534	N/A	B2022.7739	W534_B2022.7739_v1 : N/A	180401
Y663	N/A	B2023.9168	Y663_B2023.9168_cfDNABreast_v1 : N/A	438120
Y687	N/A	B2023.9439	Y687_B2023.9439_cfTNALung_v1 : N/A	982513
W2270	N/A	K2021.1179	W2270_K2021.1179_v1 : N/A	699661
W2950	N/A	K2021.1180	W2950_K2021.1180_v1 : N/A	699661
ZW025	N/A	K2022.11	ZW025_K2022.11_v2 : N/A	954245
W3378	N/A	K2022.1819	W3378_K2022.1819_v2 : N/A	975704
W3336	N/A	K2022.1936	W3336_K2022.1936_v1 : N/A	976689
W3561	N/A	K2022.2046	W3561_K2022.2046_v1 : N/A	977616
ZW030	N/A	K2022.23	ZW030_K2022.23_v1 : N/A	954313
W1485	N/A	K2022.874	W1485_K2022.874_v1 : N/A	967898
Byron	N/A	NA	Byron_RNA_v1 : N/A	NA
Y217	N/A	Z2023.116	Y217_WH_Z2023.116_v1 : N/A	980286
W573	N/A	Z2022.1057	W573_Z2022.1057_v1 : N/A	963173
W2508	N/A	Z2022.7809	W2508_Z2022.7809_v1 : N/A	973154
Z915	M-TKRCRSA?	B2020.15508	Z915 B2020.15508C v3_v1 : M-TKRCRSA?	369398
